label_grouping,alabamatotalestimate,alabamatotalmargin_of_error,alabamamaleestimate,alabamamalemargin_of_error,alabamafemaleestimate,alabamafemalemargin_of_error,alaskatotalestimate,alaskatotalmargin_of_error,alaskamaleestimate,alaskamalemargin_of_error,alaskafemaleestimate,alaskafemalemargin_of_error,arizonatotalestimate,arizonatotalmargin_of_error,arizonamaleestimate,arizonamalemargin_of_error,arizonafemaleestimate,arizonafemalemargin_of_error,arkansastotalestimate,arkansastotalmargin_of_error,arkansasmaleestimate,arkansasmalemargin_of_error,arkansasfemaleestimate,arkansasfemalemargin_of_error,californiatotalestimate,californiatotalmargin_of_error,californiamaleestimate,californiamalemargin_of_error,californiafemaleestimate,californiafemalemargin_of_error,coloradototalestimate,coloradototalmargin_of_error,coloradomaleestimate,coloradomalemargin_of_error,coloradofemaleestimate,coloradofemalemargin_of_error,connecticuttotalestimate,connecticuttotalmargin_of_error,connecticutmaleestimate,connecticutmalemargin_of_error,connecticutfemaleestimate,connecticutfemalemargin_of_error,delawaretotalestimate,delawaretotalmargin_of_error,delawaremaleestimate,delawaremalemargin_of_error,delawarefemaleestimate,delawarefemalemargin_of_error,district_of_columbiatotalestimate,district_of_columbiatotalmargin_of_error,district_of_columbiamaleestimate,district_of_columbiamalemargin_of_error,district_of_columbiafemaleestimate,district_of_columbiafemalemargin_of_error,floridatotalestimate,floridatotalmargin_of_error,floridamaleestimate,floridamalemargin_of_error,floridafemaleestimate,floridafemalemargin_of_error,georgiatotalestimate,georgiatotalmargin_of_error,georgiamaleestimate,georgiamalemargin_of_error,georgiafemaleestimate,georgiafemalemargin_of_error,hawaiitotalestimate,hawaiitotalmargin_of_error,hawaiimaleestimate,hawaiimalemargin_of_error,hawaiifemaleestimate,hawaiifemalemargin_of_error,idahototalestimate,idahototalmargin_of_error,idahomaleestimate,idahomalemargin_of_error,idahofemaleestimate,idahofemalemargin_of_error,illinoistotalestimate,illinoistotalmargin_of_error,illinoismaleestimate,illinoismalemargin_of_error,illinoisfemaleestimate,illinoisfemalemargin_of_error,indianatotalestimate,indianatotalmargin_of_error,indianamaleestimate,indianamalemargin_of_error,indianafemaleestimate,indianafemalemargin_of_error,iowatotalestimate,iowatotalmargin_of_error,iowamaleestimate,iowamalemargin_of_error,iowafemaleestimate,iowafemalemargin_of_error,kansastotalestimate,kansastotalmargin_of_error,kansasmaleestimate,kansasmalemargin_of_error,kansasfemaleestimate,kansasfemalemargin_of_error,kentuckytotalestimate,kentuckytotalmargin_of_error,kentuckymaleestimate,kentuckymalemargin_of_error,kentuckyfemaleestimate,kentuckyfemalemargin_of_error,louisianatotalestimate,louisianatotalmargin_of_error,louisianamaleestimate,louisianamalemargin_of_error,louisianafemaleestimate,louisianafemalemargin_of_error,mainetotalestimate,mainetotalmargin_of_error,mainemaleestimate,mainemalemargin_of_error,mainefemaleestimate,mainefemalemargin_of_error,marylandtotalestimate,marylandtotalmargin_of_error,marylandmaleestimate,marylandmalemargin_of_error,marylandfemaleestimate,marylandfemalemargin_of_error,massachusettstotalestimate,massachusettstotalmargin_of_error,massachusettsmaleestimate,massachusettsmalemargin_of_error,massachusettsfemaleestimate,massachusettsfemalemargin_of_error,michigantotalestimate,michigantotalmargin_of_error,michiganmaleestimate,michiganmalemargin_of_error,michiganfemaleestimate,michiganfemalemargin_of_error,minnesotatotalestimate,minnesotatotalmargin_of_error,minnesotamaleestimate,minnesotamalemargin_of_error,minnesotafemaleestimate,minnesotafemalemargin_of_error,mississippitotalestimate,mississippitotalmargin_of_error,mississippimaleestimate,mississippimalemargin_of_error,mississippifemaleestimate,mississippifemalemargin_of_error,missouritotalestimate,missouritotalmargin_of_error,missourimaleestimate,missourimalemargin_of_error,missourifemaleestimate,missourifemalemargin_of_error,montanatotalestimate,montanatotalmargin_of_error,montanamaleestimate,montanamalemargin_of_error,montanafemaleestimate,montanafemalemargin_of_error,nebraskatotalestimate,nebraskatotalmargin_of_error,nebraskamaleestimate,nebraskamalemargin_of_error,nebraskafemaleestimate,nebraskafemalemargin_of_error,nevadatotalestimate,nevadatotalmargin_of_error,nevadamaleestimate,nevadamalemargin_of_error,nevadafemaleestimate,nevadafemalemargin_of_error,new_hampshiretotalestimate,new_hampshiretotalmargin_of_error,new_hampshiremaleestimate,new_hampshiremalemargin_of_error,new_hampshirefemaleestimate,new_hampshirefemalemargin_of_error,new_jerseytotalestimate,new_jerseytotalmargin_of_error,new_jerseymaleestimate,new_jerseymalemargin_of_error,new_jerseyfemaleestimate,new_jerseyfemalemargin_of_error,new_mexicototalestimate,new_mexicototalmargin_of_error,new_mexicomaleestimate,new_mexicomalemargin_of_error,new_mexicofemaleestimate,new_mexicofemalemargin_of_error,new_yorktotalestimate,new_yorktotalmargin_of_error,new_yorkmaleestimate,new_yorkmalemargin_of_error,new_yorkfemaleestimate,new_yorkfemalemargin_of_error,north_carolinatotalestimate,north_carolinatotalmargin_of_error,north_carolinamaleestimate,north_carolinamalemargin_of_error,north_carolinafemaleestimate,north_carolinafemalemargin_of_error,north_dakotatotalestimate,north_dakotatotalmargin_of_error,north_dakotamaleestimate,north_dakotamalemargin_of_error,north_dakotafemaleestimate,north_dakotafemalemargin_of_error,ohiototalestimate,ohiototalmargin_of_error,ohiomaleestimate,ohiomalemargin_of_error,ohiofemaleestimate,ohiofemalemargin_of_error,oklahomatotalestimate,oklahomatotalmargin_of_error,oklahomamaleestimate,oklahomamalemargin_of_error,oklahomafemaleestimate,oklahomafemalemargin_of_error,oregontotalestimate,oregontotalmargin_of_error,oregonmaleestimate,oregonmalemargin_of_error,oregonfemaleestimate,oregonfemalemargin_of_error,pennsylvaniatotalestimate,pennsylvaniatotalmargin_of_error,pennsylvaniamaleestimate,pennsylvaniamalemargin_of_error,pennsylvaniafemaleestimate,pennsylvaniafemalemargin_of_error,rhode_islandtotalestimate,rhode_islandtotalmargin_of_error,rhode_islandmaleestimate,rhode_islandmalemargin_of_error,rhode_islandfemaleestimate,rhode_islandfemalemargin_of_error,south_carolinatotalestimate,south_carolinatotalmargin_of_error,south_carolinamaleestimate,south_carolinamalemargin_of_error,south_carolinafemaleestimate,south_carolinafemalemargin_of_error,south_dakotatotalestimate,south_dakotatotalmargin_of_error,south_dakotamaleestimate,south_dakotamalemargin_of_error,south_dakotafemaleestimate,south_dakotafemalemargin_of_error,tennesseetotalestimate,tennesseetotalmargin_of_error,tennesseemaleestimate,tennesseemalemargin_of_error,tennesseefemaleestimate,tennesseefemalemargin_of_error,texastotalestimate,texastotalmargin_of_error,texasmaleestimate,texasmalemargin_of_error,texasfemaleestimate,texasfemalemargin_of_error,utahtotalestimate,utahtotalmargin_of_error,utahmaleestimate,utahmalemargin_of_error,utahfemaleestimate,utahfemalemargin_of_error,vermonttotalestimate,vermonttotalmargin_of_error,vermontmaleestimate,vermontmalemargin_of_error,vermontfemaleestimate,vermontfemalemargin_of_error,virginiatotalestimate,virginiatotalmargin_of_error,virginiamaleestimate,virginiamalemargin_of_error,virginiafemaleestimate,virginiafemalemargin_of_error,washingtontotalestimate,washingtontotalmargin_of_error,washingtonmaleestimate,washingtonmalemargin_of_error,washingtonfemaleestimate,washingtonfemalemargin_of_error,west_virginiatotalestimate,west_virginiatotalmargin_of_error,west_virginiamaleestimate,west_virginiamalemargin_of_error,west_virginiafemaleestimate,west_virginiafemalemargin_of_error,wisconsintotalestimate,wisconsintotalmargin_of_error,wisconsinmaleestimate,wisconsinmalemargin_of_error,wisconsinfemaleestimate,wisconsinfemalemargin_of_error,wyomingtotalestimate,wyomingtotalmargin_of_error,wyomingmaleestimate,wyomingmalemargin_of_error,wyomingfemaleestimate,wyomingfemalemargin_of_error,puerto_ricototalestimate,puerto_ricototalmargin_of_error,puerto_ricomaleestimate,puerto_ricomalemargin_of_error,puerto_ricofemaleestimate,puerto_ricofemalemargin_of_error
Total population,"4,858,979",*****,"2,352,810","±5,380","2,506,169","±5,380","738,432",*****,"388,695","±1,732","349,737","±1,732","6,828,065",*****,"3,387,385","±2,294","3,440,680","±2,294","2,978,204",*****,"1,463,576","±3,921","1,514,628","±3,921","39,144,818",*****,"19,440,558","±4,443","19,704,260","±4,443","5,456,574",*****,"2,741,020","±3,494","2,715,554","±3,494","3,590,886",*****,"1,752,063","±1,923","1,838,823","±1,923","945,934",*****,"458,208","±1,047","487,726","±1,047","672,228",*****,"319,705",±699,"352,523",±699,"20,271,272",*****,"9,891,238","±6,494","10,380,034","±6,494","10,214,860",*****,"4,975,458","±7,577","5,239,402","±7,577","1,431,603",*****,"724,635","±1,325","706,968","±1,325","1,654,930",*****,"826,819","±2,813","828,111","±2,813","12,859,995",*****,"6,310,435","±4,724","6,549,560","±4,724","6,619,680",*****,"3,253,089","±4,727","3,366,591","±4,727","3,123,899",*****,"1,549,289","±3,241","1,574,610","±3,241","2,911,641",*****,"1,449,224","±3,248","1,462,417","±3,248","4,425,092",*****,"2,174,892","±4,384","2,250,200","±4,384","4,670,724",*****,"2,286,299","±5,065","2,384,425","±5,065","1,329,328",*****,"651,030","±2,161","678,298","±2,161","6,006,401",*****,"2,912,348","±3,611","3,094,053","±3,611","6,794,422",*****,"3,297,384","±2,458","3,497,038","±2,458","9,922,576",*****,"4,877,067","±3,442","5,045,509","±3,442","5,489,594",*****,"2,730,030","±3,746","2,759,564","±3,746","2,992,333",*****,"1,448,495","±4,178","1,543,838","±4,178","6,083,672",*****,"2,983,645","±4,339","3,100,027","±4,339","1,032,949",*****,"519,026","±2,303","513,923","±2,303","1,896,190",*****,"942,589","±2,373","953,601","±2,373","2,890,845",*****,"1,447,456","±1,981","1,443,389","±1,981","1,330,608",*****,"657,716","±1,634","672,892","±1,634","8,958,013",*****,"4,374,892","±2,401","4,583,121","±2,401","2,085,109",*****,"1,035,143","±3,070","1,049,966","±3,070","19,795,791",*****,"9,616,592","±4,379","10,179,199","±4,379","10,042,802",*****,"4,896,006","±6,889","5,146,796","±6,889","756,928",*****,"388,152","±2,318","368,776","±2,319","11,613,423",*****,"5,683,951","±3,926","5,929,472","±3,926","3,911,338",*****,"1,939,555","±2,785","1,971,783","±2,785","4,028,977",*****,"1,992,162","±3,716","2,036,815","±3,716","12,802,503",*****,"6,262,246","±3,925","6,540,257","±3,925","1,056,298",*****,"511,773","±1,621","544,525","±1,621","4,896,146",*****,"2,385,096","±4,581","2,511,050","±4,581","858,469",*****,"431,540","±2,030","426,929","±2,030","6,600,299",*****,"3,214,689","±5,166","3,385,610","±5,166","27,469,114",*****,"13,625,413","±9,367","13,843,701","±9,367","2,995,919",*****,"1,506,383","±2,521","1,489,536","±2,521","626,042",*****,"308,552","±1,074","317,490","±1,074","8,382,993",*****,"4,126,326","±5,923","4,256,667","±5,923","7,170,351",*****,"3,585,221","±4,421","3,585,130","±4,421","1,844,128",*****,"908,559","±2,519","935,569","±2,519","5,771,337",*****,"2,868,297","±3,334","2,903,040","±3,334","586,107",*****,"295,102","±2,375","291,005","±2,375","3,474,182",*****,"1,657,467","±3,618","1,816,715","±3,618"
AGE,,,,,,,,,,,,,,,,,,,,,,,,,,,,,,,,,,,,,,,,,,,,,,,,,,,,,,,,,,,,,,,,,,,,,,,,,,,,,,,,,,,,,,,,,,,,,,,,,,,,,,,,,,,,,,,,,,,,,,,,,,,,,,,,,,,,,,,,,,,,,,,,,,,,,,,,,,,,,,,,,,,,,,,,,,,,,,,,,,,,,,,,,,,,,,,,,,,,,,,,,,,,,,,,,,,,,,,,,,,,,,,,,,,,,,,,,,,,,,,,,,,,,,,,,,,,,,,,,,,,,,,,,,,,,,,,,,,,,,,,,,,,,,,,,,,,,,,,,,,,,,,,,,,,,,,,
Under 5 years,5.9%,±0.1,6.2%,±0.1,5.5%,±0.1,7.4%,±0.1,7.2%,±0.2,7.7%,±0.3,6.3%,±0.1,6.5%,±0.1,6.1%,±0.1,6.3%,±0.1,6.5%,±0.2,6.2%,±0.1,6.4%,±0.1,6.6%,±0.1,6.2%,±0.1,6.1%,±0.1,6.2%,±0.1,6.0%,±0.1,5.2%,±0.1,5.4%,±0.1,5.0%,±0.1,5.9%,±0.1,6.2%,±0.1,5.5%,±0.1,6.4%,±0.1,6.9%,±0.1,6.0%,±0.1,5.4%,±0.1,5.7%,±0.1,5.2%,±0.1,6.4%,±0.1,6.7%,±0.1,6.0%,±0.1,6.4%,±0.1,6.4%,±0.1,6.4%,±0.1,6.8%,±0.1,6.7%,±0.1,6.8%,±0.2,6.1%,±0.1,6.3%,±0.1,5.9%,±0.1,6.3%,±0.1,6.5%,±0.1,6.2%,±0.1,6.2%,±0.1,6.4%,±0.1,6.1%,±0.1,6.8%,±0.1,6.9%,±0.1,6.6%,±0.1,6.2%,±0.1,6.4%,±0.1,5.9%,±0.1,6.5%,±0.1,6.9%,±0.1,6.1%,±0.1,4.8%,±0.1,4.9%,±0.1,4.7%,±0.1,6.1%,±0.1,6.4%,±0.1,5.8%,±0.1,5.4%,±0.1,5.7%,±0.1,5.1%,±0.1,5.8%,±0.1,6.0%,±0.1,5.5%,±0.1,6.4%,±0.1,6.6%,±0.1,6.1%,±0.1,6.3%,±0.1,6.5%,±0.2,6.1%,±0.2,6.2%,±0.1,6.4%,±0.1,5.9%,±0.1,5.8%,±0.1,5.9%,±0.2,5.8%,±0.2,6.9%,±0.1,7.0%,±0.1,6.8%,±0.1,6.1%,±0.1,6.3%,±0.1,5.9%,±0.1,4.8%,±0.1,5.1%,±0.1,4.5%,±0.1,5.9%,±0.1,6.2%,±0.1,5.6%,±0.1,6.4%,±0.1,6.7%,±0.2,6.1%,±0.2,6.0%,±0.1,6.3%,±0.1,5.7%,±0.1,6.0%,±0.1,6.3%,±0.1,5.7%,±0.1,6.9%,±0.2,6.6%,±0.2,7.2%,±0.3,5.9%,±0.1,6.2%,±0.1,5.7%,±0.1,6.7%,±0.1,7.0%,±0.1,6.4%,±0.1,5.7%,±0.1,5.9%,±0.1,5.5%,±0.1,5.6%,±0.1,5.9%,±0.1,5.3%,±0.1,5.1%,±0.1,5.5%,±0.1,4.8%,±0.1,5.9%,±0.1,6.2%,±0.1,5.6%,±0.1,6.9%,±0.2,7.0%,±0.3,6.8%,±0.2,6.0%,±0.1,6.3%,±0.1,5.8%,±0.1,7.2%,±0.1,7.3%,±0.1,7.0%,±0.1,8.3%,±0.1,8.5%,±0.1,8.2%,±0.1,4.8%,±0.1,5.0%,±0.1,4.7%,±0.2,6.1%,±0.1,6.4%,±0.1,5.8%,±0.1,6.2%,±0.1,6.3%,±0.1,6.1%,±0.1,5.5%,±0.1,5.6%,±0.1,5.5%,±0.2,5.8%,±0.1,6.0%,±0.1,5.7%,±0.1,6.5%,±0.3,6.8%,±0.4,6.2%,±0.5,5.0%,±0.1,5.5%,±0.1,4.5%,±0.1
5 to 9 years,6.5%,±0.1,6.9%,±0.2,6.2%,±0.2,7.1%,±0.3,6.9%,±0.5,7.3%,±0.5,6.7%,±0.1,6.8%,±0.1,6.5%,±0.2,6.7%,±0.2,7.2%,±0.2,6.2%,±0.2,6.5%,±0.1,6.6%,±0.1,6.3%,±0.1,6.6%,±0.1,6.7%,±0.2,6.5%,±0.2,5.8%,±0.2,6.0%,±0.2,5.5%,±0.2,5.6%,±0.4,5.7%,±0.5,5.5%,±0.5,4.8%,±0.3,5.1%,±0.4,4.6%,±0.4,5.6%,±0.1,5.9%,±0.1,5.4%,±0.1,7.0%,±0.1,7.5%,±0.2,6.6%,±0.2,6.0%,±0.2,6.0%,±0.4,6.0%,±0.3,7.5%,±0.3,8.1%,±0.4,7.0%,±0.4,6.4%,±0.1,6.7%,±0.1,6.1%,±0.1,6.5%,±0.1,6.7%,±0.2,6.3%,±0.2,6.6%,±0.2,7.0%,±0.2,6.3%,±0.2,6.9%,±0.2,6.8%,±0.3,6.9%,±0.3,6.3%,±0.1,6.6%,±0.2,6.0%,±0.2,7.0%,±0.2,7.2%,±0.2,6.7%,±0.2,5.2%,±0.3,5.5%,±0.4,4.9%,±0.4,6.3%,±0.1,6.6%,±0.2,5.9%,±0.2,5.5%,±0.1,5.7%,±0.2,5.3%,±0.1,6.0%,±0.1,6.3%,±0.1,5.8%,±0.1,6.5%,±0.1,6.7%,±0.2,6.3%,±0.2,7.2%,±0.2,7.9%,±0.3,6.5%,±0.3,6.5%,±0.1,6.6%,±0.2,6.4%,±0.2,6.3%,±0.2,6.2%,±0.3,6.3%,±0.3,7.0%,±0.2,7.0%,±0.3,6.9%,±0.3,6.6%,±0.2,6.9%,±0.3,6.3%,±0.2,5.2%,±0.2,5.4%,±0.3,5.1%,±0.3,6.1%,±0.1,6.4%,±0.2,5.9%,±0.1,6.8%,±0.2,7.0%,±0.3,6.6%,±0.3,5.7%,±0.1,6.1%,±0.1,5.4%,±0.1,6.4%,±0.1,6.6%,±0.2,6.2%,±0.2,6.6%,±0.3,6.6%,±0.5,6.5%,±0.4,6.2%,±0.1,6.5%,±0.1,5.9%,±0.1,6.9%,±0.1,7.3%,±0.2,6.6%,±0.2,6.1%,±0.2,6.1%,±0.2,6.1%,±0.2,5.9%,±0.1,6.1%,±0.1,5.6%,±0.1,5.8%,±0.3,5.9%,±0.4,5.7%,±0.4,6.3%,±0.1,6.5%,±0.2,6.2%,±0.2,7.0%,±0.3,7.4%,±0.4,6.6%,±0.4,6.3%,±0.1,6.6%,±0.2,6.0%,±0.2,7.5%,±0.1,7.7%,±0.1,7.2%,±0.1,8.7%,±0.2,8.9%,±0.2,8.5%,±0.3,5.1%,±0.3,5.3%,±0.4,5.0%,±0.4,6.3%,±0.1,6.4%,±0.2,6.2%,±0.1,6.4%,±0.1,6.6%,±0.2,6.3%,±0.2,5.6%,±0.2,5.9%,±0.3,5.3%,±0.3,6.3%,±0.1,6.5%,±0.1,6.2%,±0.2,6.7%,±0.5,6.3%,±0.6,7.2%,±0.7,5.8%,±0.2,6.3%,±0.2,5.4%,±0.3
10 to 14 years,6.3%,±0.1,6.8%,±0.2,6.0%,±0.2,6.6%,±0.3,6.7%,±0.5,6.5%,±0.5,6.7%,±0.1,6.9%,±0.1,6.5%,±0.1,6.7%,±0.2,6.9%,±0.2,6.5%,±0.3,6.4%,±0.1,6.6%,±0.1,6.2%,±0.1,6.5%,±0.1,6.6%,±0.2,6.5%,±0.2,6.3%,±0.2,6.6%,±0.3,5.9%,±0.2,6.5%,±0.4,6.9%,±0.5,6.1%,±0.5,3.9%,±0.3,4.2%,±0.4,3.7%,±0.4,5.7%,±0.1,5.9%,±0.1,5.4%,±0.1,6.9%,±0.1,7.1%,±0.1,6.8%,±0.2,6.0%,±0.2,6.1%,±0.4,5.8%,±0.3,7.5%,±0.2,7.5%,±0.3,7.5%,±0.4,6.6%,±0.1,6.8%,±0.1,6.4%,±0.1,6.9%,±0.1,7.3%,±0.2,6.5%,±0.2,6.5%,±0.2,6.6%,±0.2,6.4%,±0.2,7.0%,±0.2,7.3%,±0.3,6.6%,±0.2,6.4%,±0.1,6.7%,±0.2,6.2%,±0.2,6.4%,±0.2,6.8%,±0.2,6.0%,±0.2,5.6%,±0.2,6.1%,±0.3,5.2%,±0.3,6.2%,±0.1,6.6%,±0.2,5.9%,±0.2,5.8%,±0.1,6.2%,±0.2,5.5%,±0.2,6.4%,±0.1,6.6%,±0.1,6.2%,±0.1,6.6%,±0.1,6.7%,±0.1,6.5%,±0.2,6.7%,±0.2,6.7%,±0.3,6.7%,±0.3,6.3%,±0.1,6.7%,±0.2,5.9%,±0.2,6.1%,±0.3,6.3%,±0.3,6.0%,±0.4,6.9%,±0.2,7.3%,±0.3,6.6%,±0.3,6.6%,±0.2,6.4%,±0.3,6.7%,±0.2,6.0%,±0.2,6.2%,±0.3,5.8%,±0.3,6.3%,±0.1,6.6%,±0.2,6.1%,±0.1,6.7%,±0.2,6.9%,±0.3,6.5%,±0.3,5.9%,±0.1,6.2%,±0.1,5.6%,±0.1,6.5%,±0.1,6.9%,±0.2,6.1%,±0.2,5.7%,±0.3,5.6%,±0.4,5.8%,±0.4,6.5%,±0.1,6.7%,±0.1,6.2%,±0.1,6.9%,±0.1,7.0%,±0.2,6.7%,±0.2,5.9%,±0.2,6.2%,±0.3,5.6%,±0.2,5.8%,±0.1,6.1%,±0.1,5.6%,±0.1,5.5%,±0.3,6.0%,±0.4,5.0%,±0.4,6.2%,±0.1,6.6%,±0.2,5.8%,±0.2,6.5%,±0.3,6.4%,±0.4,6.6%,±0.4,6.4%,±0.1,6.7%,±0.2,6.2%,±0.2,7.3%,±0.1,7.5%,±0.1,7.1%,±0.1,8.6%,±0.2,8.8%,±0.2,8.3%,±0.3,5.5%,±0.3,6.0%,±0.4,5.1%,±0.4,6.2%,±0.1,6.5%,±0.2,5.9%,±0.1,6.1%,±0.1,6.2%,±0.2,6.0%,±0.2,5.8%,±0.2,5.9%,±0.3,5.7%,±0.3,6.3%,±0.1,6.6%,±0.1,6.0%,±0.2,6.9%,±0.4,7.3%,±0.6,6.5%,±0.7,6.3%,±0.2,6.8%,±0.2,5.8%,±0.3
15 to 19 years,6.8%,±0.1,7.1%,±0.2,6.6%,±0.2,6.8%,±0.3,6.9%,±0.4,6.7%,±0.3,6.8%,±0.1,7.0%,±0.1,6.6%,±0.1,6.8%,±0.1,7.4%,±0.3,6.2%,±0.2,6.7%,±0.1,6.9%,±0.1,6.5%,±0.1,6.4%,±0.1,6.6%,±0.1,6.3%,±0.1,7.0%,±0.1,7.3%,±0.1,6.7%,±0.1,6.4%,±0.2,6.7%,±0.3,6.1%,±0.2,5.7%,±0.3,5.7%,±0.4,5.7%,±0.4,6.0%,±0.1,6.2%,±0.1,5.7%,±0.1,7.1%,±0.1,7.5%,±0.1,6.7%,±0.1,5.4%,±0.1,5.5%,±0.2,5.3%,±0.1,7.1%,±0.1,7.2%,±0.3,7.0%,±0.2,6.7%,±0.1,6.9%,±0.1,6.4%,±0.1,7.0%,±0.1,7.2%,±0.1,6.9%,±0.1,7.1%,±0.1,7.5%,±0.2,6.7%,±0.1,7.2%,±0.1,7.4%,±0.2,6.9%,±0.2,6.7%,±0.1,6.9%,±0.1,6.5%,±0.1,6.7%,±0.1,7.1%,±0.2,6.3%,±0.2,6.1%,±0.1,6.5%,±0.2,5.7%,±0.2,6.5%,±0.1,6.7%,±0.1,6.2%,±0.1,6.7%,±0.1,7.0%,±0.1,6.5%,±0.1,6.8%,±0.1,7.1%,±0.1,6.5%,±0.1,6.5%,±0.1,6.7%,±0.1,6.3%,±0.1,7.4%,±0.2,7.8%,±0.3,7.0%,±0.3,6.7%,±0.1,7.1%,±0.1,6.4%,±0.1,6.5%,±0.2,7.0%,±0.3,6.0%,±0.3,6.9%,±0.2,7.0%,±0.2,6.7%,±0.2,6.1%,±0.1,6.3%,±0.1,5.9%,±0.1,6.9%,±0.2,7.0%,±0.2,6.8%,±0.3,6.4%,±0.1,6.8%,±0.1,6.1%,±0.1,6.8%,±0.2,6.9%,±0.3,6.6%,±0.2,6.3%,±0.1,6.7%,±0.1,6.0%,±0.1,6.8%,±0.1,7.1%,±0.1,6.4%,±0.1,6.6%,±0.3,6.8%,±0.4,6.3%,±0.4,6.7%,±0.1,7.0%,±0.1,6.4%,±0.1,6.9%,±0.1,7.2%,±0.1,6.6%,±0.1,6.2%,±0.1,6.4%,±0.2,5.9%,±0.1,6.6%,±0.1,6.9%,±0.1,6.3%,±0.1,7.0%,±0.1,7.2%,±0.2,6.8%,±0.2,6.7%,±0.1,7.3%,±0.2,6.2%,±0.1,7.0%,±0.3,7.4%,±0.4,6.6%,±0.3,6.5%,±0.1,6.9%,±0.1,6.3%,±0.1,7.2%,±0.1,7.4%,±0.1,6.9%,±0.1,7.9%,±0.1,7.9%,±0.2,7.8%,±0.1,7.1%,±0.2,7.5%,±0.3,6.7%,±0.2,6.6%,±0.1,6.9%,±0.1,6.3%,±0.1,6.3%,±0.1,6.5%,±0.1,6.1%,±0.1,6.2%,±0.2,6.6%,±0.3,5.9%,±0.2,6.6%,±0.1,6.8%,±0.1,6.3%,±0.1,6.8%,±0.4,6.5%,±0.5,7.1%,±0.7,7.0%,±0.1,7.4%,±0.2,6.7%,±0.2
20 to 24 years,6.8%,±0.1,7.2%,±0.2,6.6%,±0.2,8.5%,±0.3,9.5%,±0.5,7.4%,±0.3,7.0%,±0.1,7.3%,±0.1,6.7%,±0.1,6.7%,±0.2,6.8%,±0.2,6.6%,±0.2,7.4%,±0.1,7.7%,±0.1,7.1%,±0.1,7.0%,±0.1,7.4%,±0.1,6.6%,±0.1,6.9%,±0.1,7.3%,±0.1,6.5%,±0.1,6.7%,±0.1,7.1%,±0.2,6.3%,±0.2,8.7%,±0.3,8.5%,±0.4,8.9%,±0.4,6.3%,±0.1,6.7%,±0.1,6.0%,±0.1,7.1%,±0.1,7.4%,±0.1,6.8%,±0.1,7.3%,±0.1,8.2%,±0.2,6.4%,±0.1,6.7%,±0.2,6.9%,±0.2,6.5%,±0.2,7.0%,±0.1,7.2%,±0.1,6.7%,±0.1,7.3%,±0.1,7.6%,±0.1,7.0%,±0.1,7.1%,±0.1,7.3%,±0.2,7.0%,±0.1,7.4%,±0.2,8.0%,±0.2,6.8%,±0.2,6.8%,±0.1,7.2%,±0.1,6.5%,±0.1,7.1%,±0.1,7.4%,±0.2,6.9%,±0.1,5.9%,±0.1,6.3%,±0.2,5.6%,±0.2,6.7%,±0.1,7.1%,±0.1,6.3%,±0.1,7.3%,±0.1,7.5%,±0.1,7.0%,±0.1,7.2%,±0.1,7.4%,±0.1,6.9%,±0.1,6.6%,±0.1,6.7%,±0.1,6.5%,±0.1,7.2%,±0.2,7.4%,±0.3,6.9%,±0.3,7.0%,±0.1,7.2%,±0.1,6.8%,±0.1,6.9%,±0.2,7.2%,±0.3,6.6%,±0.3,7.3%,±0.1,7.6%,±0.2,7.1%,±0.2,6.5%,±0.1,6.6%,±0.1,6.5%,±0.1,6.7%,±0.1,7.0%,±0.2,6.4%,±0.2,6.4%,±0.1,6.7%,±0.1,6.0%,±0.1,7.2%,±0.2,7.5%,±0.2,7.0%,±0.2,7.1%,±0.1,7.4%,±0.1,6.9%,±0.1,7.0%,±0.1,7.7%,±0.1,6.4%,±0.1,9.2%,±0.3,9.5%,±0.4,8.9%,±0.4,6.7%,±0.1,6.9%,±0.1,6.5%,±0.1,7.2%,±0.1,7.5%,±0.1,6.9%,±0.1,6.6%,±0.1,6.7%,±0.1,6.4%,±0.1,6.6%,±0.1,7.0%,±0.1,6.3%,±0.1,7.5%,±0.2,7.6%,±0.2,7.3%,±0.2,7.1%,±0.1,7.4%,±0.2,6.7%,±0.1,6.9%,±0.3,7.1%,±0.4,6.8%,±0.4,6.9%,±0.1,7.2%,±0.1,6.7%,±0.1,7.3%,±0.1,7.6%,±0.1,7.0%,±0.1,8.4%,±0.1,8.5%,±0.1,8.2%,±0.1,7.4%,±0.2,7.5%,±0.3,7.2%,±0.2,7.1%,±0.1,7.4%,±0.1,6.7%,±0.1,6.8%,±0.1,7.1%,±0.1,6.5%,±0.1,6.3%,±0.2,6.6%,±0.3,6.0%,±0.2,7.0%,±0.1,7.2%,±0.1,6.9%,±0.1,6.7%,±0.3,7.4%,±0.5,6.1%,±0.4,7.3%,±0.1,7.8%,±0.2,6.9%,±0.2
25 to 29 years,6.5%,±0.1,6.6%,±0.1,6.5%,±0.1,8.5%,±0.2,8.7%,±0.3,8.3%,±0.3,6.8%,±0.1,7.2%,±0.1,6.5%,±0.1,6.6%,±0.1,6.5%,±0.2,6.7%,±0.2,7.7%,±0.1,7.9%,±0.1,7.4%,±0.1,7.7%,±0.1,7.9%,±0.1,7.4%,±0.1,6.1%,±0.1,6.4%,±0.1,5.9%,±0.1,6.9%,±0.1,7.0%,±0.2,6.7%,±0.2,11.6%,±0.1,11.3%,±0.1,11.9%,±0.1,6.6%,±0.1,6.8%,±0.1,6.3%,±0.1,6.9%,±0.1,7.1%,±0.1,6.7%,±0.1,7.9%,±0.1,8.6%,±0.2,7.2%,±0.1,6.5%,±0.2,6.6%,±0.2,6.5%,±0.2,6.9%,±0.1,7.0%,±0.1,6.7%,±0.1,6.4%,±0.1,6.6%,±0.1,6.3%,±0.1,6.1%,±0.1,6.2%,±0.1,6.1%,±0.1,6.5%,±0.1,6.8%,±0.2,6.3%,±0.1,6.5%,±0.1,6.6%,±0.1,6.4%,±0.1,7.2%,±0.1,7.2%,±0.1,7.3%,±0.1,5.7%,±0.1,5.7%,±0.2,5.7%,±0.1,7.0%,±0.1,7.2%,±0.1,6.9%,±0.1,7.1%,±0.1,7.3%,±0.1,6.9%,±0.1,6.3%,±0.1,6.5%,±0.1,6.1%,±0.1,6.6%,±0.1,6.7%,±0.1,6.4%,±0.1,6.4%,±0.1,6.7%,±0.2,6.1%,±0.2,6.6%,±0.1,6.7%,±0.1,6.4%,±0.1,6.1%,±0.1,6.1%,±0.2,6.1%,±0.2,6.3%,±0.1,6.6%,±0.1,6.1%,±0.1,7.3%,±0.1,7.4%,±0.1,7.1%,±0.1,5.9%,±0.1,6.1%,±0.2,5.7%,±0.1,6.4%,±0.1,6.7%,±0.1,6.1%,±0.1,6.6%,±0.1,7.0%,±0.2,6.1%,±0.2,7.5%,±0.1,7.8%,±0.1,7.3%,±0.1,6.6%,±0.1,6.7%,±0.1,6.6%,±0.1,7.9%,±0.2,8.7%,±0.4,7.0%,±0.3,6.6%,±0.1,6.8%,±0.1,6.4%,±0.1,6.9%,±0.1,7.0%,±0.1,6.7%,±0.1,6.8%,±0.1,7.0%,±0.1,6.6%,±0.1,6.7%,±0.1,6.9%,±0.1,6.5%,±0.1,7.1%,±0.1,7.4%,±0.1,6.9%,±0.2,6.7%,±0.1,6.9%,±0.1,6.5%,±0.1,6.5%,±0.2,6.6%,±0.3,6.3%,±0.3,6.7%,±0.1,6.7%,±0.1,6.6%,±0.1,7.3%,±0.1,7.5%,±0.1,7.1%,±0.1,7.2%,±0.1,7.2%,±0.1,7.2%,±0.1,5.5%,±0.1,5.7%,±0.2,5.3%,±0.2,7.1%,±0.1,7.3%,±0.1,6.9%,±0.1,7.4%,±0.1,7.6%,±0.1,7.1%,±0.1,6.1%,±0.1,6.1%,±0.2,6.0%,±0.1,6.1%,±0.1,6.3%,±0.1,5.9%,±0.1,7.0%,±0.3,7.1%,±0.3,6.9%,±0.7,6.3%,±0.1,6.6%,±0.1,6.0%,±0.1
30 to 34 years,6.3%,±0.1,6.4%,±0.1,6.2%,±0.1,7.6%,±0.2,7.7%,±0.3,7.4%,±0.3,6.6%,±0.1,6.8%,±0.1,6.4%,±0.1,6.3%,±0.1,6.5%,±0.2,6.2%,±0.1,7.2%,±0.1,7.5%,±0.1,7.0%,±0.1,7.5%,±0.1,7.7%,±0.1,7.3%,±0.1,6.2%,±0.1,6.4%,±0.1,6.1%,±0.1,6.3%,±0.1,6.3%,±0.1,6.2%,±0.2,11.1%,±0.1,11.1%,±0.1,11.0%,±0.1,6.2%,±0.1,6.3%,±0.1,6.1%,±0.1,6.7%,±0.1,6.7%,±0.1,6.7%,±0.1,7.2%,±0.1,7.6%,±0.1,6.9%,±0.1,6.6%,±0.2,6.7%,±0.2,6.5%,±0.2,6.9%,±0.1,7.1%,±0.1,6.8%,±0.1,6.3%,±0.1,6.4%,±0.1,6.2%,±0.1,6.4%,±0.1,6.6%,±0.1,6.3%,±0.1,6.7%,±0.1,6.8%,±0.1,6.6%,±0.1,6.2%,±0.1,6.3%,±0.1,6.1%,±0.1,7.1%,±0.1,7.2%,±0.1,7.1%,±0.1,5.7%,±0.1,5.7%,±0.1,5.7%,±0.1,6.8%,±0.1,6.9%,±0.1,6.8%,±0.1,6.7%,±0.1,6.8%,±0.1,6.6%,±0.1,6.0%,±0.1,6.1%,±0.1,5.9%,±0.1,7.0%,±0.1,7.1%,±0.1,6.9%,±0.1,6.1%,±0.1,6.1%,±0.3,6.1%,±0.2,6.5%,±0.1,6.6%,±0.1,6.4%,±0.1,6.4%,±0.1,6.6%,±0.2,6.2%,±0.2,7.0%,±0.1,7.1%,±0.1,6.9%,±0.2,7.0%,±0.1,7.0%,±0.1,6.9%,±0.1,5.8%,±0.1,6.0%,±0.2,5.6%,±0.1,6.5%,±0.1,6.7%,±0.1,6.3%,±0.1,6.5%,±0.1,6.7%,±0.2,6.3%,±0.2,7.0%,±0.1,7.1%,±0.1,6.8%,±0.1,6.3%,±0.1,6.3%,±0.1,6.3%,±0.1,7.2%,±0.2,7.6%,±0.3,6.7%,±0.3,6.2%,±0.1,6.3%,±0.1,6.1%,±0.1,6.9%,±0.1,7.0%,±0.1,6.7%,±0.1,6.9%,±0.1,7.0%,±0.1,6.9%,±0.1,6.2%,±0.1,6.4%,±0.1,6.0%,±0.1,6.4%,±0.1,6.6%,±0.2,6.2%,±0.1,6.2%,±0.1,6.4%,±0.2,6.1%,±0.1,6.6%,±0.2,6.7%,±0.2,6.5%,±0.3,6.5%,±0.1,6.5%,±0.1,6.4%,±0.1,7.2%,±0.1,7.3%,±0.1,7.1%,±0.1,7.5%,±0.1,7.6%,±0.1,7.4%,±0.1,5.8%,±0.1,5.8%,±0.2,5.7%,±0.2,6.9%,±0.1,7.1%,±0.1,6.8%,±0.1,7.3%,±0.1,7.4%,±0.1,7.1%,±0.1,5.8%,±0.1,5.9%,±0.1,5.7%,±0.1,6.4%,±0.1,6.6%,±0.1,6.3%,±0.1,7.1%,±0.3,7.0%,±0.3,7.2%,±0.5,5.9%,±0.1,5.8%,±0.2,5.9%,±0.1
35 to 39 years,6.3%,±0.2,6.3%,±0.2,6.3%,±0.2,6.6%,±0.4,6.7%,±0.5,6.5%,±0.5,6.3%,±0.1,6.4%,±0.2,6.1%,±0.2,6.2%,±0.1,6.3%,±0.2,6.1%,±0.2,6.7%,±0.1,6.8%,±0.1,6.6%,±0.1,7.0%,±0.1,7.1%,±0.2,6.9%,±0.2,5.8%,±0.2,6.1%,±0.2,5.5%,±0.2,6.2%,±0.3,6.5%,±0.4,6.0%,±0.4,7.9%,±0.4,8.1%,±0.7,7.7%,±0.5,6.0%,±0.1,6.1%,±0.1,5.9%,±0.1,6.8%,±0.1,6.7%,±0.1,6.8%,±0.1,6.2%,±0.2,6.4%,±0.3,6.0%,±0.3,6.5%,±0.3,6.7%,±0.3,6.3%,±0.4,6.6%,±0.1,6.7%,±0.1,6.6%,±0.1,6.3%,±0.1,6.4%,±0.2,6.2%,±0.1,6.0%,±0.2,6.1%,±0.2,5.9%,±0.3,6.1%,±0.2,6.2%,±0.3,6.1%,±0.2,6.3%,±0.1,6.4%,±0.2,6.1%,±0.2,6.4%,±0.1,6.8%,±0.2,6.1%,±0.2,5.3%,±0.3,5.4%,±0.3,5.2%,±0.4,6.5%,±0.1,6.5%,±0.2,6.5%,±0.2,6.1%,±0.1,6.3%,±0.2,6.0%,±0.2,5.8%,±0.1,5.9%,±0.1,5.8%,±0.1,6.3%,±0.1,6.6%,±0.1,6.1%,±0.1,6.4%,±0.2,6.5%,±0.3,6.3%,±0.2,6.2%,±0.1,6.2%,±0.2,6.1%,±0.2,6.1%,±0.3,6.0%,±0.5,6.2%,±0.4,6.5%,±0.2,6.6%,±0.3,6.5%,±0.2,6.7%,±0.2,6.9%,±0.3,6.5%,±0.3,5.4%,±0.3,5.5%,±0.4,5.3%,±0.3,6.4%,±0.1,6.5%,±0.2,6.4%,±0.1,6.0%,±0.2,6.4%,±0.3,5.5%,±0.3,6.4%,±0.1,6.4%,±0.1,6.3%,±0.1,6.3%,±0.1,6.4%,±0.2,6.3%,±0.2,5.9%,±0.3,6.2%,±0.5,5.6%,±0.4,6.0%,±0.1,6.1%,±0.1,5.8%,±0.1,6.1%,±0.2,6.3%,±0.2,5.9%,±0.2,7.1%,±0.2,7.3%,±0.3,6.8%,±0.2,5.8%,±0.1,5.9%,±0.1,5.6%,±0.1,5.9%,±0.3,5.9%,±0.5,5.9%,±0.4,6.0%,±0.2,5.9%,±0.2,6.0%,±0.2,6.0%,±0.3,6.1%,±0.4,5.8%,±0.4,6.2%,±0.1,6.2%,±0.2,6.2%,±0.2,6.8%,±0.1,6.9%,±0.1,6.8%,±0.1,7.4%,±0.2,7.5%,±0.2,7.3%,±0.2,5.9%,±0.3,5.6%,±0.4,6.1%,±0.4,6.7%,±0.1,6.7%,±0.2,6.6%,±0.1,6.6%,±0.1,6.7%,±0.2,6.4%,±0.2,6.1%,±0.2,6.2%,±0.3,6.1%,±0.4,6.0%,±0.1,6.1%,±0.2,5.9%,±0.1,6.7%,±0.4,7.0%,±0.5,6.4%,±0.6,6.4%,±0.2,6.3%,±0.3,6.5%,±0.2
40 to 44 years,6.3%,±0.2,6.4%,±0.2,6.3%,±0.2,5.8%,±0.3,5.6%,±0.4,6.0%,±0.5,6.1%,±0.1,6.2%,±0.2,6.1%,±0.2,6.1%,±0.2,6.2%,±0.2,6.1%,±0.2,6.6%,±0.1,6.6%,±0.1,6.6%,±0.1,6.5%,±0.1,6.8%,±0.2,6.3%,±0.2,6.2%,±0.2,5.9%,±0.2,6.5%,±0.2,5.5%,±0.3,5.3%,±0.4,5.7%,±0.5,6.4%,±0.4,7.0%,±0.7,6.0%,±0.5,6.1%,±0.1,6.2%,±0.1,6.1%,±0.1,6.8%,±0.1,6.8%,±0.1,6.9%,±0.2,6.2%,±0.2,6.2%,±0.3,6.2%,±0.3,5.9%,±0.3,5.8%,±0.3,5.9%,±0.4,6.4%,±0.1,6.5%,±0.1,6.2%,±0.1,6.2%,±0.1,6.3%,±0.2,6.0%,±0.2,5.8%,±0.2,5.9%,±0.2,5.6%,±0.2,5.8%,±0.2,5.9%,±0.2,5.7%,±0.2,6.5%,±0.1,6.6%,±0.2,6.3%,±0.2,5.9%,±0.2,5.9%,±0.2,6.0%,±0.2,6.2%,±0.3,6.1%,±0.3,6.2%,±0.4,6.3%,±0.1,6.4%,±0.2,6.2%,±0.2,6.2%,±0.1,6.2%,±0.1,6.3%,±0.2,6.0%,±0.1,6.1%,±0.1,6.0%,±0.1,6.0%,±0.1,6.0%,±0.1,6.0%,±0.1,6.5%,±0.2,6.4%,±0.3,6.6%,±0.3,5.9%,±0.1,6.0%,±0.2,5.7%,±0.2,5.4%,±0.3,5.7%,±0.4,5.1%,±0.4,5.7%,±0.2,6.0%,±0.3,5.4%,±0.3,6.7%,±0.2,6.7%,±0.3,6.8%,±0.3,6.3%,±0.2,6.3%,±0.4,6.4%,±0.3,6.6%,±0.1,6.7%,±0.1,6.5%,±0.1,5.8%,±0.2,5.7%,±0.3,6.0%,±0.3,6.3%,±0.1,6.3%,±0.1,6.2%,±0.1,6.7%,±0.1,6.7%,±0.1,6.7%,±0.1,5.6%,±0.3,5.9%,±0.5,5.2%,±0.4,6.1%,±0.1,6.1%,±0.1,6.1%,±0.1,6.2%,±0.2,6.1%,±0.2,6.2%,±0.2,6.0%,±0.2,6.1%,±0.2,6.0%,±0.2,5.9%,±0.1,6.0%,±0.1,5.9%,±0.1,5.8%,±0.3,6.1%,±0.5,5.6%,±0.4,6.3%,±0.2,6.3%,±0.2,6.3%,±0.2,5.5%,±0.3,5.7%,±0.4,5.2%,±0.4,6.5%,±0.1,6.7%,±0.2,6.3%,±0.2,6.7%,±0.1,6.8%,±0.1,6.7%,±0.1,6.1%,±0.2,6.1%,±0.2,6.0%,±0.2,5.3%,±0.3,5.5%,±0.4,5.0%,±0.4,6.4%,±0.1,6.5%,±0.2,6.3%,±0.1,6.3%,±0.1,6.4%,±0.2,6.3%,±0.2,6.4%,±0.3,6.6%,±0.3,6.1%,±0.3,6.1%,±0.1,6.2%,±0.1,5.9%,±0.1,5.6%,±0.3,5.8%,±0.6,5.5%,±0.5,6.5%,±0.2,6.6%,±0.3,6.4%,±0.3
45 to 49 years,6.3%,±0.1,6.3%,±0.1,6.2%,±0.1,5.9%,±0.2,5.7%,±0.3,6.1%,±0.3,6.0%,±0.1,6.1%,±0.1,6.0%,±0.1,6.1%,±0.1,6.3%,±0.2,6.0%,±0.1,6.6%,±0.1,6.7%,±0.1,6.6%,±0.1,6.4%,±0.1,6.4%,±0.1,6.3%,±0.1,7.2%,±0.1,7.1%,±0.1,7.2%,±0.1,6.5%,±0.1,6.4%,±0.1,6.5%,±0.1,5.8%,±0.1,6.1%,±0.1,5.5%,±0.1,6.4%,±0.1,6.5%,±0.1,6.4%,±0.1,6.8%,±0.1,6.9%,±0.1,6.8%,±0.1,6.0%,±0.1,6.0%,±0.1,6.1%,±0.1,5.8%,±0.1,5.9%,±0.2,5.8%,±0.2,6.6%,±0.1,6.6%,±0.1,6.5%,±0.1,6.3%,±0.1,6.4%,±0.1,6.3%,±0.1,6.0%,±0.1,6.1%,±0.1,5.9%,±0.1,5.8%,±0.1,5.9%,±0.2,5.7%,±0.1,6.4%,±0.1,6.5%,±0.1,6.4%,±0.1,6.0%,±0.1,5.9%,±0.1,6.2%,±0.1,6.8%,±0.1,6.9%,±0.1,6.8%,±0.1,6.9%,±0.1,6.9%,±0.1,6.9%,±0.1,6.9%,±0.1,6.9%,±0.1,6.9%,±0.1,6.6%,±0.1,6.7%,±0.1,6.5%,±0.1,6.4%,±0.1,6.5%,±0.1,6.3%,±0.1,6.0%,±0.1,5.9%,±0.2,6.1%,±0.2,6.2%,±0.1,6.2%,±0.1,6.1%,±0.1,5.7%,±0.1,5.8%,±0.2,5.5%,±0.2,5.7%,±0.1,5.6%,±0.1,5.7%,±0.1,6.8%,±0.1,6.9%,±0.1,6.6%,±0.1,7.2%,±0.1,7.1%,±0.1,7.2%,±0.1,7.2%,±0.1,7.1%,±0.1,7.2%,±0.1,5.7%,±0.1,5.7%,±0.2,5.7%,±0.1,6.8%,±0.1,6.8%,±0.1,6.7%,±0.1,6.7%,±0.1,6.7%,±0.1,6.6%,±0.1,5.2%,±0.1,5.3%,±0.2,5.1%,±0.2,6.4%,±0.1,6.5%,±0.1,6.4%,±0.1,5.8%,±0.1,5.8%,±0.1,5.8%,±0.1,6.3%,±0.1,6.4%,±0.1,6.2%,±0.1,6.6%,±0.1,6.7%,±0.1,6.5%,±0.1,6.7%,±0.1,6.7%,±0.1,6.7%,±0.1,6.4%,±0.1,6.4%,±0.1,6.4%,±0.1,5.5%,±0.1,5.5%,±0.1,5.6%,±0.2,6.6%,±0.1,6.6%,±0.1,6.5%,±0.1,6.3%,±0.1,6.3%,±0.1,6.3%,±0.1,5.2%,±0.1,5.3%,±0.1,5.1%,±0.1,6.7%,±0.1,6.7%,±0.2,6.7%,±0.2,6.7%,±0.1,6.7%,±0.1,6.8%,±0.1,6.4%,±0.1,6.5%,±0.1,6.3%,±0.1,6.4%,±0.1,6.6%,±0.1,6.2%,±0.1,6.5%,±0.1,6.6%,±0.1,6.4%,±0.1,5.4%,±0.2,5.4%,±0.2,5.4%,±0.3,6.4%,±0.1,6.4%,±0.1,6.5%,±0.1
50 to 54 years,7.0%,±0.1,7.0%,±0.1,7.0%,±0.1,6.7%,±0.2,6.7%,±0.3,6.7%,±0.2,6.3%,±0.1,6.2%,±0.1,6.4%,±0.1,6.8%,±0.1,6.7%,±0.1,6.8%,±0.1,6.8%,±0.1,6.7%,±0.1,6.8%,±0.1,6.7%,±0.1,6.6%,±0.1,6.8%,±0.1,7.8%,±0.1,7.7%,±0.1,7.9%,±0.1,7.2%,±0.1,7.3%,±0.2,7.2%,±0.1,5.7%,±0.1,6.1%,±0.1,5.4%,±0.1,7.1%,±0.1,7.1%,±0.1,7.1%,±0.1,6.9%,±0.1,6.8%,±0.1,6.9%,±0.1,6.2%,±0.1,6.1%,±0.1,6.2%,±0.1,6.2%,±0.1,6.1%,±0.2,6.3%,±0.1,7.0%,±0.1,7.0%,±0.1,7.0%,±0.1,6.9%,±0.1,6.9%,±0.1,6.9%,±0.1,6.8%,±0.1,6.8%,±0.1,6.7%,±0.1,6.6%,±0.1,6.6%,±0.1,6.7%,±0.1,7.2%,±0.1,7.2%,±0.1,7.2%,±0.1,6.7%,±0.1,6.7%,±0.1,6.8%,±0.1,7.9%,±0.1,7.9%,±0.1,7.9%,±0.1,7.6%,±0.1,7.5%,±0.1,7.6%,±0.1,7.5%,±0.1,7.5%,±0.1,7.4%,±0.1,7.3%,±0.1,7.3%,±0.1,7.3%,±0.1,7.2%,±0.1,7.2%,±0.1,7.2%,±0.1,6.6%,±0.1,6.6%,±0.2,6.5%,±0.1,7.1%,±0.1,7.2%,±0.1,7.1%,±0.1,6.8%,±0.1,6.7%,±0.1,6.9%,±0.1,6.5%,±0.1,6.6%,±0.1,6.5%,±0.1,6.8%,±0.1,6.8%,±0.1,6.7%,±0.1,8.3%,±0.1,8.3%,±0.1,8.3%,±0.1,7.6%,±0.1,7.6%,±0.1,7.6%,±0.1,6.7%,±0.1,6.5%,±0.1,6.8%,±0.1,7.2%,±0.1,7.2%,±0.1,7.2%,±0.1,6.9%,±0.1,6.9%,±0.1,7.0%,±0.1,6.5%,±0.2,6.4%,±0.2,6.6%,±0.2,7.1%,±0.1,7.2%,±0.1,7.1%,±0.1,6.5%,±0.1,6.5%,±0.1,6.5%,±0.1,6.5%,±0.1,6.5%,±0.1,6.5%,±0.1,7.3%,±0.1,7.3%,±0.1,7.3%,±0.1,7.4%,±0.1,7.4%,±0.1,7.5%,±0.1,6.9%,±0.1,6.9%,±0.1,7.0%,±0.1,6.7%,±0.1,6.8%,±0.2,6.6%,±0.2,7.0%,±0.1,6.9%,±0.1,7.0%,±0.1,6.4%,±0.1,6.4%,±0.1,6.4%,±0.1,5.1%,±0.1,5.0%,±0.1,5.1%,±0.1,7.8%,±0.1,7.6%,±0.1,8.0%,±0.2,7.2%,±0.1,7.2%,±0.1,7.3%,±0.1,6.8%,±0.1,6.8%,±0.1,6.8%,±0.1,7.0%,±0.1,7.0%,±0.1,7.0%,±0.1,7.4%,±0.1,7.4%,±0.1,7.3%,±0.1,6.5%,±0.2,6.3%,±0.2,6.8%,±0.4,6.7%,±0.1,6.4%,±0.1,6.9%,±0.1
55 to 59 years,6.9%,±0.2,6.9%,±0.3,6.9%,±0.2,6.9%,±0.3,6.5%,±0.4,7.3%,±0.4,6.1%,±0.1,5.9%,±0.2,6.3%,±0.1,6.7%,±0.2,6.5%,±0.2,6.8%,±0.3,6.3%,±0.1,6.2%,±0.1,6.4%,±0.1,6.5%,±0.1,6.4%,±0.2,6.5%,±0.2,7.5%,±0.2,7.5%,±0.2,7.5%,±0.2,7.0%,±0.3,6.7%,±0.4,7.3%,±0.4,5.6%,±0.3,5.9%,±0.4,5.4%,±0.4,6.7%,±0.1,6.6%,±0.1,6.8%,±0.1,6.3%,±0.1,6.2%,±0.1,6.4%,±0.1,6.8%,±0.3,6.7%,±0.3,6.9%,±0.3,6.2%,±0.3,6.0%,±0.4,6.5%,±0.3,6.8%,±0.1,6.8%,±0.1,6.9%,±0.1,6.8%,±0.1,6.7%,±0.2,7.0%,±0.1,6.7%,±0.2,6.7%,±0.2,6.7%,±0.2,6.7%,±0.1,6.7%,±0.2,6.7%,±0.2,7.0%,±0.1,6.9%,±0.2,7.1%,±0.2,6.7%,±0.1,6.6%,±0.2,6.8%,±0.2,8.3%,±0.3,8.1%,±0.4,8.5%,±0.4,7.0%,±0.1,7.0%,±0.2,7.0%,±0.2,7.0%,±0.1,7.0%,±0.2,7.0%,±0.1,7.4%,±0.1,7.3%,±0.1,7.4%,±0.1,7.1%,±0.1,7.0%,±0.1,7.2%,±0.1,6.8%,±0.2,6.8%,±0.2,6.8%,±0.2,7.0%,±0.1,6.8%,±0.2,7.3%,±0.2,7.2%,±0.3,6.9%,±0.4,7.5%,±0.4,6.7%,±0.2,6.5%,±0.2,6.8%,±0.2,6.3%,±0.2,6.3%,±0.3,6.3%,±0.3,8.3%,±0.2,8.3%,±0.3,8.3%,±0.4,7.2%,±0.1,7.2%,±0.1,7.2%,±0.1,6.8%,±0.3,6.7%,±0.3,7.0%,±0.3,6.8%,±0.1,6.8%,±0.1,6.9%,±0.1,6.7%,±0.1,6.5%,±0.1,6.8%,±0.1,6.6%,±0.3,6.4%,±0.4,6.8%,±0.4,7.2%,±0.1,7.1%,±0.1,7.3%,±0.1,6.5%,±0.1,6.4%,±0.1,6.6%,±0.2,6.6%,±0.1,6.4%,±0.2,6.7%,±0.2,7.4%,±0.1,7.4%,±0.1,7.4%,±0.1,7.5%,±0.3,7.7%,±0.4,7.3%,±0.4,6.8%,±0.1,6.4%,±0.2,7.1%,±0.2,7.0%,±0.3,7.0%,±0.4,7.0%,±0.4,7.0%,±0.1,6.8%,±0.2,7.1%,±0.2,5.9%,±0.1,5.9%,±0.1,6.0%,±0.1,4.8%,±0.1,4.6%,±0.2,5.1%,±0.2,7.9%,±0.4,7.9%,±0.5,7.9%,±0.5,6.7%,±0.1,6.6%,±0.1,6.9%,±0.1,6.8%,±0.1,6.7%,±0.1,6.9%,±0.1,7.2%,±0.2,7.2%,±0.3,7.1%,±0.3,7.4%,±0.1,7.4%,±0.1,7.4%,±0.1,7.4%,±0.4,7.2%,±0.6,7.7%,±0.5,6.2%,±0.2,5.9%,±0.2,6.5%,±0.2
60 to 64 years,6.3%,±0.2,6.1%,±0.2,6.4%,±0.2,6.0%,±0.3,6.2%,±0.4,5.8%,±0.4,5.8%,±0.1,5.5%,±0.1,6.1%,±0.1,5.9%,±0.2,5.7%,±0.2,6.0%,±0.3,5.5%,±0.1,5.3%,±0.1,5.7%,±0.1,6.1%,±0.1,5.8%,±0.2,6.3%,±0.1,6.4%,±0.2,6.2%,±0.2,6.5%,±0.2,6.5%,±0.3,6.3%,±0.4,6.7%,±0.4,4.8%,±0.3,4.5%,±0.4,5.1%,±0.4,6.4%,±0.1,6.0%,±0.1,6.7%,±0.1,5.5%,±0.1,5.2%,±0.1,5.8%,±0.1,5.8%,±0.3,5.5%,±0.3,6.1%,±0.3,6.0%,±0.3,6.1%,±0.4,6.0%,±0.3,6.0%,±0.1,5.8%,±0.1,6.1%,±0.1,6.1%,±0.1,6.1%,±0.2,6.1%,±0.1,6.5%,±0.2,6.5%,±0.2,6.5%,±0.2,5.9%,±0.1,5.7%,±0.2,6.2%,±0.2,6.3%,±0.1,6.2%,±0.2,6.4%,±0.2,6.1%,±0.2,6.0%,±0.2,6.1%,±0.2,7.5%,±0.2,7.5%,±0.4,7.5%,±0.4,6.0%,±0.1,5.7%,±0.2,6.3%,±0.2,6.3%,±0.1,6.2%,±0.1,6.4%,±0.1,6.6%,±0.1,6.5%,±0.1,6.7%,±0.1,6.2%,±0.1,6.3%,±0.1,6.1%,±0.1,5.8%,±0.2,5.6%,±0.2,6.0%,±0.2,6.3%,±0.1,6.3%,±0.2,6.2%,±0.2,7.4%,±0.3,7.3%,±0.4,7.6%,±0.4,5.9%,±0.1,5.9%,±0.2,5.8%,±0.2,6.0%,±0.2,5.7%,±0.3,6.3%,±0.3,6.9%,±0.3,6.8%,±0.3,7.0%,±0.4,5.9%,±0.1,5.7%,±0.1,6.1%,±0.1,6.2%,±0.2,5.9%,±0.3,6.5%,±0.3,6.0%,±0.1,5.9%,±0.1,6.1%,±0.1,6.0%,±0.1,5.7%,±0.1,6.2%,±0.1,6.0%,±0.3,6.1%,±0.4,6.0%,±0.4,6.5%,±0.1,6.5%,±0.1,6.6%,±0.1,5.9%,±0.1,5.7%,±0.1,6.1%,±0.2,7.0%,±0.2,6.8%,±0.2,7.1%,±0.2,6.6%,±0.1,6.5%,±0.1,6.7%,±0.1,6.1%,±0.3,5.8%,±0.4,6.5%,±0.4,6.4%,±0.1,6.1%,±0.2,6.6%,±0.2,6.2%,±0.3,6.1%,±0.3,6.4%,±0.4,6.0%,±0.1,5.9%,±0.2,6.1%,±0.2,5.2%,±0.1,5.0%,±0.1,5.4%,±0.1,4.6%,±0.1,4.6%,±0.2,4.7%,±0.2,7.7%,±0.4,7.6%,±0.5,7.8%,±0.5,5.9%,±0.1,5.7%,±0.1,6.1%,±0.1,6.1%,±0.1,5.9%,±0.1,6.4%,±0.1,7.4%,±0.2,7.3%,±0.3,7.5%,±0.3,6.4%,±0.1,6.4%,±0.1,6.4%,±0.1,6.5%,±0.4,6.8%,±0.5,6.3%,±0.6,6.2%,±0.2,5.9%,±0.2,6.4%,±0.2
65 to 69 years,5.4%,±0.1,5.2%,±0.1,5.5%,±0.2,4.0%,±0.2,4.0%,±0.3,4.1%,±0.3,5.3%,±0.1,5.0%,±0.1,5.7%,±0.1,5.3%,±0.1,5.1%,±0.2,5.4%,±0.2,4.5%,±0.1,4.3%,±0.1,4.7%,±0.1,4.8%,±0.1,4.6%,±0.1,5.0%,±0.1,5.0%,±0.1,4.8%,±0.2,5.1%,±0.2,5.9%,±0.2,5.4%,±0.4,6.3%,±0.3,3.7%,±0.2,3.0%,±0.3,4.4%,±0.3,6.0%,±0.1,5.7%,±0.1,6.2%,±0.1,4.6%,±0.1,4.4%,±0.1,4.8%,±0.1,5.6%,±0.2,5.3%,±0.2,5.8%,±0.3,5.1%,±0.2,5.2%,±0.3,5.0%,±0.3,4.7%,±0.1,4.5%,±0.1,4.9%,±0.1,4.8%,±0.1,4.7%,±0.1,5.0%,±0.1,4.9%,±0.1,4.8%,±0.2,5.0%,±0.1,4.7%,±0.1,4.5%,±0.1,4.8%,±0.2,5.3%,±0.1,5.0%,±0.1,5.5%,±0.2,4.9%,±0.1,4.8%,±0.1,5.0%,±0.2,6.5%,±0.2,6.5%,±0.3,6.6%,±0.3,4.9%,±0.1,4.7%,±0.1,5.1%,±0.1,5.0%,±0.1,4.8%,±0.1,5.2%,±0.1,5.4%,±0.1,5.2%,±0.1,5.6%,±0.1,4.8%,±0.1,4.7%,±0.1,4.9%,±0.1,5.0%,±0.1,4.9%,±0.2,5.2%,±0.2,5.1%,±0.1,4.9%,±0.1,5.3%,±0.1,6.0%,±0.2,6.3%,±0.3,5.7%,±0.3,4.6%,±0.2,4.4%,±0.2,4.7%,±0.2,5.3%,±0.1,5.1%,±0.2,5.4%,±0.2,5.7%,±0.2,5.6%,±0.3,5.9%,±0.3,4.9%,±0.1,4.6%,±0.1,5.2%,±0.1,5.4%,±0.2,5.0%,±0.3,5.8%,±0.3,4.9%,±0.1,4.7%,±0.1,5.2%,±0.1,5.3%,±0.1,5.1%,±0.1,5.5%,±0.1,4.2%,±0.2,4.4%,±0.3,4.0%,±0.3,5.4%,±0.1,5.2%,±0.1,5.5%,±0.1,4.9%,±0.1,4.6%,±0.1,5.2%,±0.1,5.9%,±0.1,5.7%,±0.2,6.1%,±0.2,5.4%,±0.1,5.3%,±0.1,5.6%,±0.1,5.2%,±0.2,5.1%,±0.3,5.3%,±0.3,5.9%,±0.1,5.6%,±0.1,6.2%,±0.1,4.9%,±0.2,5.3%,±0.3,4.6%,±0.3,5.4%,±0.1,5.3%,±0.1,5.6%,±0.1,4.1%,±0.1,3.9%,±0.1,4.3%,±0.1,3.5%,±0.1,3.4%,±0.1,3.7%,±0.1,6.3%,±0.2,6.3%,±0.3,6.3%,±0.3,5.0%,±0.1,4.7%,±0.1,5.2%,±0.1,5.2%,±0.1,5.0%,±0.1,5.3%,±0.1,6.4%,±0.2,6.1%,±0.3,6.6%,±0.3,5.2%,±0.1,5.2%,±0.1,5.2%,±0.1,4.9%,±0.3,5.2%,±0.4,4.7%,±0.4,5.9%,±0.1,5.6%,±0.2,6.2%,±0.2
70 to 74 years,3.9%,±0.1,3.6%,±0.1,4.1%,±0.2,2.5%,±0.2,2.4%,±0.2,2.6%,±0.3,4.2%,±0.1,4.1%,±0.1,4.4%,±0.1,4.1%,±0.1,3.8%,±0.2,4.3%,±0.2,3.1%,±0.1,2.9%,±0.1,3.4%,±0.1,3.2%,±0.1,3.0%,±0.1,3.4%,±0.1,3.8%,±0.1,3.5%,±0.2,4.1%,±0.2,4.3%,±0.2,4.3%,±0.3,4.2%,±0.3,2.8%,±0.2,2.9%,±0.4,2.8%,±0.3,4.8%,±0.1,4.6%,±0.1,5.0%,±0.1,3.3%,±0.1,3.1%,±0.1,3.5%,±0.1,3.8%,±0.2,3.6%,±0.2,4.0%,±0.3,3.7%,±0.2,3.3%,±0.2,4.0%,±0.3,3.4%,±0.1,3.2%,±0.1,3.6%,±0.1,3.6%,±0.1,3.4%,±0.1,3.8%,±0.1,3.7%,±0.1,3.5%,±0.1,3.8%,±0.1,3.4%,±0.1,3.2%,±0.1,3.6%,±0.2,3.8%,±0.1,3.6%,±0.1,4.0%,±0.1,3.4%,±0.1,3.0%,±0.1,3.7%,±0.1,4.5%,±0.2,4.3%,±0.3,4.6%,±0.3,3.4%,±0.1,3.2%,±0.1,3.6%,±0.1,3.7%,±0.1,3.4%,±0.1,3.9%,±0.1,3.7%,±0.1,3.6%,±0.1,3.9%,±0.1,3.4%,±0.1,3.3%,±0.1,3.6%,±0.1,3.7%,±0.1,3.5%,±0.2,4.0%,±0.2,3.8%,±0.1,3.6%,±0.1,4.0%,±0.1,4.2%,±0.2,3.9%,±0.3,4.6%,±0.3,3.5%,±0.2,3.3%,±0.2,3.7%,±0.2,3.9%,±0.1,3.8%,±0.2,4.0%,±0.2,4.0%,±0.2,3.9%,±0.3,4.1%,±0.3,3.5%,±0.1,3.3%,±0.1,3.7%,±0.1,4.0%,±0.2,3.9%,±0.3,4.1%,±0.2,3.5%,±0.1,3.2%,±0.1,3.7%,±0.1,3.7%,±0.1,3.4%,±0.1,4.0%,±0.1,3.2%,±0.2,2.8%,±0.2,3.7%,±0.3,3.6%,±0.1,3.4%,±0.1,3.9%,±0.1,3.6%,±0.1,3.4%,±0.1,3.9%,±0.1,3.9%,±0.1,3.8%,±0.2,4.0%,±0.1,3.9%,±0.1,3.6%,±0.1,4.2%,±0.1,3.8%,±0.2,3.5%,±0.3,4.0%,±0.3,4.1%,±0.1,4.0%,±0.1,4.2%,±0.2,3.6%,±0.2,3.2%,±0.3,3.9%,±0.3,3.8%,±0.1,3.6%,±0.1,3.9%,±0.1,2.9%,±0.1,2.7%,±0.1,3.1%,±0.1,2.5%,±0.1,2.4%,±0.1,2.6%,±0.1,4.0%,±0.2,3.9%,±0.3,4.1%,±0.3,3.5%,±0.1,3.3%,±0.1,3.7%,±0.1,3.6%,±0.1,3.4%,±0.1,3.7%,±0.1,4.3%,±0.2,4.3%,±0.3,4.4%,±0.2,3.5%,±0.1,3.3%,±0.1,3.8%,±0.1,3.5%,±0.3,3.3%,±0.4,3.7%,±0.4,4.4%,±0.1,4.1%,±0.1,4.6%,±0.2
75 to 79 years,2.8%,±0.1,2.4%,±0.1,3.2%,±0.1,1.3%,±0.2,1.2%,±0.2,1.4%,±0.2,3.0%,±0.1,2.9%,±0.1,3.1%,±0.1,2.7%,±0.1,2.5%,±0.1,2.9%,±0.2,2.2%,±0.1,2.0%,±0.1,2.5%,±0.1,2.1%,±0.1,1.9%,±0.1,2.3%,±0.1,2.6%,±0.1,2.3%,±0.1,2.8%,±0.1,2.9%,±0.2,2.5%,±0.2,3.1%,±0.3,1.8%,±0.2,1.5%,±0.2,2.1%,±0.3,3.5%,±0.1,3.4%,±0.1,3.7%,±0.1,2.1%,±0.1,1.9%,±0.1,2.3%,±0.1,2.5%,±0.2,2.3%,±0.2,2.7%,±0.3,2.6%,±0.2,2.5%,±0.2,2.7%,±0.3,2.4%,±0.1,2.2%,±0.1,2.7%,±0.1,2.6%,±0.1,2.3%,±0.1,2.8%,±0.1,2.8%,±0.1,2.5%,±0.1,3.1%,±0.1,2.5%,±0.1,2.2%,±0.1,2.8%,±0.2,2.6%,±0.1,2.3%,±0.1,2.9%,±0.1,2.4%,±0.1,2.2%,±0.1,2.6%,±0.1,3.2%,±0.2,3.1%,±0.2,3.4%,±0.2,2.4%,±0.1,2.1%,±0.1,2.6%,±0.1,2.4%,±0.1,2.2%,±0.1,2.7%,±0.1,2.7%,±0.1,2.5%,±0.1,2.9%,±0.1,2.5%,±0.1,2.2%,±0.1,2.8%,±0.1,2.6%,±0.1,2.4%,±0.1,2.8%,±0.2,2.7%,±0.1,2.5%,±0.1,2.9%,±0.1,2.9%,±0.2,2.8%,±0.2,3.0%,±0.3,2.5%,±0.1,2.2%,±0.1,2.8%,±0.2,2.6%,±0.1,2.5%,±0.1,2.7%,±0.2,2.8%,±0.2,2.5%,±0.2,3.1%,±0.3,2.4%,±0.1,2.2%,±0.1,2.7%,±0.1,2.7%,±0.1,2.5%,±0.2,2.9%,±0.2,2.6%,±0.1,2.3%,±0.1,2.8%,±0.1,2.6%,±0.1,2.3%,±0.1,2.9%,±0.1,2.2%,±0.2,2.1%,±0.2,2.4%,±0.2,2.7%,±0.1,2.3%,±0.1,3.0%,±0.1,2.7%,±0.1,2.3%,±0.1,3.0%,±0.1,2.7%,±0.1,2.5%,±0.1,2.9%,±0.1,2.9%,±0.1,2.6%,±0.1,3.2%,±0.1,2.5%,±0.2,2.3%,±0.2,2.7%,±0.3,2.7%,±0.1,2.5%,±0.1,2.9%,±0.1,2.6%,±0.2,2.3%,±0.2,2.9%,±0.3,2.6%,±0.1,2.4%,±0.1,2.8%,±0.1,2.0%,±0.1,1.8%,±0.1,2.2%,±0.1,1.8%,±0.1,1.6%,±0.1,1.9%,±0.1,2.7%,±0.2,2.4%,±0.3,3.0%,±0.3,2.4%,±0.1,2.2%,±0.1,2.6%,±0.1,2.3%,±0.1,2.2%,±0.1,2.5%,±0.1,3.1%,±0.1,2.8%,±0.2,3.3%,±0.2,2.7%,±0.1,2.4%,±0.1,2.9%,±0.1,2.3%,±0.2,2.2%,±0.2,2.3%,±0.3,3.3%,±0.1,2.9%,±0.2,3.6%,±0.2
80 to 84 years,1.9%,±0.1,1.6%,±0.1,2.2%,±0.1,1.0%,±0.1,0.8%,±0.2,1.3%,±0.2,1.9%,±0.1,1.8%,±0.1,2.1%,±0.1,2.0%,±0.1,1.6%,±0.1,2.3%,±0.1,1.6%,±0.1,1.4%,±0.1,1.9%,±0.1,1.5%,±0.1,1.2%,±0.1,1.7%,±0.1,1.9%,±0.1,1.6%,±0.1,2.3%,±0.1,1.9%,±0.2,1.8%,±0.2,2.1%,±0.2,1.3%,±0.2,1.0%,±0.2,1.6%,±0.2,2.5%,±0.1,2.3%,±0.1,2.8%,±0.1,1.4%,±0.1,1.2%,±0.1,1.7%,±0.1,1.9%,±0.2,1.5%,±0.2,2.4%,±0.2,1.7%,±0.2,1.6%,±0.2,1.8%,±0.2,1.8%,±0.1,1.4%,±0.1,2.1%,±0.1,1.7%,±0.1,1.4%,±0.1,2.1%,±0.1,2.1%,±0.1,1.8%,±0.1,2.4%,±0.1,2.0%,±0.1,1.7%,±0.1,2.3%,±0.1,1.8%,±0.1,1.5%,±0.1,2.0%,±0.1,1.8%,±0.1,1.4%,±0.1,2.1%,±0.1,2.2%,±0.2,1.9%,±0.2,2.5%,±0.2,1.7%,±0.1,1.4%,±0.1,1.9%,±0.1,2.0%,±0.1,1.6%,±0.1,2.3%,±0.1,1.9%,±0.1,1.6%,±0.1,2.2%,±0.1,1.9%,±0.1,1.6%,±0.1,2.1%,±0.1,1.7%,±0.1,1.4%,±0.1,2.1%,±0.1,2.0%,±0.1,1.6%,±0.1,2.3%,±0.1,2.2%,±0.2,1.9%,±0.2,2.4%,±0.3,1.9%,±0.1,1.6%,±0.1,2.2%,±0.2,1.6%,±0.1,1.5%,±0.1,1.7%,±0.1,1.8%,±0.1,1.5%,±0.2,2.0%,±0.2,1.9%,±0.1,1.5%,±0.1,2.3%,±0.1,1.9%,±0.1,1.6%,±0.1,2.1%,±0.2,1.8%,±0.1,1.5%,±0.1,2.1%,±0.1,1.8%,±0.1,1.5%,±0.1,2.1%,±0.1,2.0%,±0.2,1.6%,±0.2,2.4%,±0.3,2.0%,±0.1,1.7%,±0.1,2.3%,±0.1,1.8%,±0.1,1.5%,±0.1,2.1%,±0.1,1.8%,±0.1,1.6%,±0.1,2.0%,±0.1,2.2%,±0.1,1.8%,±0.1,2.6%,±0.1,2.0%,±0.2,1.8%,±0.2,2.3%,±0.3,1.8%,±0.1,1.4%,±0.1,2.1%,±0.1,2.2%,±0.2,1.7%,±0.2,2.6%,±0.3,1.8%,±0.1,1.5%,±0.1,2.1%,±0.1,1.4%,±0.1,1.2%,±0.1,1.6%,±0.1,1.3%,±0.1,1.2%,±0.1,1.5%,±0.1,2.2%,±0.2,2.1%,±0.3,2.4%,±0.3,1.7%,±0.1,1.4%,±0.1,1.9%,±0.1,1.6%,±0.1,1.5%,±0.1,1.8%,±0.1,2.2%,±0.1,1.9%,±0.2,2.6%,±0.2,1.9%,±0.1,1.7%,±0.1,2.2%,±0.1,1.7%,±0.2,1.5%,±0.3,2.0%,±0.3,2.3%,±0.1,2.1%,±0.2,2.4%,±0.1
85 years and over,1.7%,±0.1,1.1%,±0.1,2.2%,±0.1,0.8%,±0.1,0.6%,±0.2,1.0%,±0.2,1.9%,±0.1,1.5%,±0.1,2.3%,±0.1,2.0%,±0.1,1.5%,±0.1,2.5%,±0.2,1.8%,±0.1,1.3%,±0.1,2.2%,±0.1,1.5%,±0.1,1.2%,±0.1,1.9%,±0.1,2.5%,±0.1,1.7%,±0.1,3.2%,±0.2,2.1%,±0.2,1.6%,±0.2,2.5%,±0.2,1.7%,±0.2,1.3%,±0.2,2.2%,±0.2,2.6%,±0.1,2.0%,±0.1,3.2%,±0.1,1.3%,±0.1,0.8%,±0.1,1.7%,±0.1,2.8%,±0.2,2.0%,±0.2,3.5%,±0.3,1.6%,±0.1,1.1%,±0.1,2.1%,±0.2,1.9%,±0.1,1.3%,±0.1,2.5%,±0.1,1.9%,±0.1,1.2%,±0.1,2.5%,±0.1,2.5%,±0.1,1.7%,±0.1,3.4%,±0.1,2.1%,±0.1,1.4%,±0.1,2.7%,±0.1,1.7%,±0.1,1.1%,±0.1,2.4%,±0.1,1.6%,±0.1,1.1%,±0.1,2.1%,±0.1,2.4%,±0.2,1.6%,±0.2,3.1%,±0.2,1.8%,±0.1,1.2%,±0.1,2.3%,±0.1,2.3%,±0.1,1.5%,±0.1,3.0%,±0.1,2.1%,±0.1,1.4%,±0.1,2.7%,±0.1,2.1%,±0.1,1.5%,±0.1,2.7%,±0.1,1.6%,±0.1,1.0%,±0.1,2.2%,±0.1,2.0%,±0.1,1.4%,±0.1,2.7%,±0.1,2.0%,±0.2,1.5%,±0.2,2.6%,±0.3,2.3%,±0.1,1.6%,±0.1,2.9%,±0.2,1.3%,±0.1,1.0%,±0.1,1.6%,±0.2,2.1%,±0.2,1.5%,±0.2,2.7%,±0.3,2.2%,±0.1,1.5%,±0.1,2.9%,±0.1,1.9%,±0.1,1.4%,±0.2,2.3%,±0.2,2.2%,±0.1,1.4%,±0.1,2.9%,±0.1,1.7%,±0.1,1.1%,±0.1,2.2%,±0.1,2.5%,±0.2,1.5%,±0.2,3.5%,±0.3,2.2%,±0.1,1.5%,±0.1,2.9%,±0.1,1.7%,±0.1,1.3%,±0.1,2.1%,±0.1,2.0%,±0.1,1.4%,±0.1,2.6%,±0.2,2.5%,±0.1,1.7%,±0.1,3.3%,±0.1,2.6%,±0.2,1.5%,±0.2,3.7%,±0.3,1.7%,±0.1,1.2%,±0.1,2.2%,±0.1,2.4%,±0.2,1.8%,±0.2,3.1%,±0.4,1.7%,±0.1,1.1%,±0.1,2.3%,±0.1,1.3%,±0.1,0.9%,±0.1,1.7%,±0.1,1.1%,±0.1,0.9%,±0.1,1.4%,±0.1,2.3%,±0.2,1.6%,±0.2,3.0%,±0.3,1.7%,±0.1,1.2%,±0.1,2.2%,±0.1,1.8%,±0.1,1.2%,±0.1,2.4%,±0.1,2.2%,±0.1,1.5%,±0.2,2.9%,±0.2,2.2%,±0.1,1.4%,±0.1,3.0%,±0.1,1.7%,±0.2,1.1%,±0.3,2.2%,±0.3,2.2%,±0.1,1.6%,±0.1,2.6%,±0.1
SELECTED AGE CATEGORIES,,,,,,,,,,,,,,,,,,,,,,,,,,,,,,,,,,,,,,,,,,,,,,,,,,,,,,,,,,,,,,,,,,,,,,,,,,,,,,,,,,,,,,,,,,,,,,,,,,,,,,,,,,,,,,,,,,,,,,,,,,,,,,,,,,,,,,,,,,,,,,,,,,,,,,,,,,,,,,,,,,,,,,,,,,,,,,,,,,,,,,,,,,,,,,,,,,,,,,,,,,,,,,,,,,,,,,,,,,,,,,,,,,,,,,,,,,,,,,,,,,,,,,,,,,,,,,,,,,,,,,,,,,,,,,,,,,,,,,,,,,,,,,,,,,,,,,,,,,,,,,,,,,,,,,,,
5 to 14 years,12.9%,±0.1,13.6%,±0.1,12.2%,±0.1,13.7%,±0.1,13.6%,±0.2,13.8%,±0.2,13.4%,±0.1,13.8%,±0.1,13.1%,±0.1,13.4%,±0.1,14.1%,±0.2,12.7%,±0.2,12.9%,±0.1,13.3%,±0.1,12.6%,±0.1,13.1%,±0.1,13.3%,±0.1,13.0%,±0.1,12.0%,±0.1,12.7%,±0.1,11.5%,±0.1,12.0%,±0.1,12.5%,±0.1,11.6%,±0.1,8.8%,±0.1,9.3%,±0.1,8.3%,±0.1,11.3%,±0.1,11.8%,±0.1,10.8%,±0.1,14.0%,±0.1,14.6%,±0.1,13.4%,±0.1,12.0%,±0.1,12.1%,±0.1,11.8%,±0.1,15.0%,±0.1,15.5%,±0.2,14.5%,±0.2,13.0%,±0.1,13.5%,±0.1,12.5%,±0.1,13.4%,±0.1,14.0%,±0.1,12.8%,±0.1,13.1%,±0.1,13.6%,±0.1,12.7%,±0.1,13.8%,±0.1,14.1%,±0.1,13.5%,±0.1,12.7%,±0.1,13.2%,±0.1,12.2%,±0.1,13.4%,±0.1,14.0%,±0.2,12.7%,±0.1,10.9%,±0.1,11.6%,±0.2,10.2%,±0.2,12.5%,±0.1,13.2%,±0.1,11.8%,±0.1,11.3%,±0.1,11.9%,±0.1,10.8%,±0.1,12.4%,±0.1,12.9%,±0.1,12.0%,±0.1,13.1%,±0.1,13.4%,±0.1,12.7%,±0.1,13.9%,±0.1,14.6%,±0.2,13.2%,±0.1,12.8%,±0.1,13.3%,±0.1,12.3%,±0.1,12.4%,±0.2,12.5%,±0.2,12.3%,±0.3,13.9%,±0.1,14.3%,±0.1,13.5%,±0.1,13.2%,±0.1,13.3%,±0.1,13.1%,±0.1,11.2%,±0.1,11.5%,±0.1,11.0%,±0.1,12.4%,±0.1,13.0%,±0.1,11.9%,±0.1,13.5%,±0.1,13.9%,±0.2,13.1%,±0.2,11.6%,±0.1,12.2%,±0.1,11.0%,±0.1,12.9%,±0.1,13.6%,±0.1,12.3%,±0.1,12.3%,±0.2,12.2%,±0.3,12.4%,±0.3,12.7%,±0.1,13.3%,±0.1,12.1%,±0.1,13.8%,±0.1,14.3%,±0.1,13.3%,±0.1,12.0%,±0.1,12.3%,±0.1,11.7%,±0.1,11.7%,±0.1,12.2%,±0.1,11.2%,±0.1,11.3%,±0.1,11.9%,±0.2,10.7%,±0.2,12.5%,±0.1,13.1%,±0.1,12.0%,±0.1,13.5%,±0.2,13.9%,±0.3,13.2%,±0.3,12.7%,±0.1,13.3%,±0.1,12.2%,±0.1,14.8%,±0.1,15.2%,±0.1,14.4%,±0.1,17.3%,±0.1,17.7%,±0.1,16.8%,±0.1,10.7%,±0.1,11.3%,±0.2,10.1%,±0.2,12.5%,±0.1,12.9%,±0.1,12.0%,±0.1,12.5%,±0.1,12.8%,±0.1,12.2%,±0.1,11.4%,±0.1,11.8%,±0.1,11.0%,±0.2,12.7%,±0.1,13.1%,±0.1,12.2%,±0.1,13.6%,±0.4,13.6%,±0.4,13.7%,±0.7,12.1%,±0.1,13.1%,±0.1,11.2%,±0.1
15 to 17 years,4.0%,±0.1,4.2%,±0.1,3.9%,±0.1,4.1%,±0.1,4.0%,±0.2,4.3%,±0.3,4.0%,±0.1,4.1%,±0.1,3.9%,±0.1,4.0%,±0.1,4.4%,±0.2,3.6%,±0.1,4.0%,±0.1,4.1%,±0.1,3.8%,±0.1,3.8%,±0.1,3.9%,±0.1,3.7%,±0.1,4.0%,±0.1,4.2%,±0.1,3.8%,±0.1,3.7%,±0.1,4.0%,±0.2,3.4%,±0.1,2.3%,±0.1,2.6%,±0.1,2.1%,±0.1,3.6%,±0.1,3.7%,±0.1,3.4%,±0.1,4.2%,±0.1,4.4%,±0.1,3.9%,±0.1,3.3%,±0.1,3.3%,±0.1,3.3%,±0.1,4.3%,±0.1,4.5%,±0.2,4.2%,±0.2,4.0%,±0.1,4.2%,±0.1,3.8%,±0.1,4.2%,±0.1,4.2%,±0.1,4.1%,±0.1,4.0%,±0.1,4.1%,±0.1,3.8%,±0.1,4.2%,±0.1,4.3%,±0.1,4.0%,±0.1,3.9%,±0.1,4.1%,±0.1,3.8%,±0.1,4.0%,±0.1,4.2%,±0.1,3.8%,±0.1,3.6%,±0.1,3.8%,±0.1,3.4%,±0.1,3.9%,±0.1,4.0%,±0.1,3.7%,±0.1,3.7%,±0.1,3.9%,±0.1,3.5%,±0.1,4.1%,±0.1,4.2%,±0.1,3.9%,±0.1,3.9%,±0.1,4.0%,±0.1,3.8%,±0.1,4.1%,±0.1,4.4%,±0.2,3.9%,±0.2,4.0%,±0.1,4.2%,±0.1,3.7%,±0.1,3.7%,±0.1,3.9%,±0.2,3.4%,±0.2,4.0%,±0.1,4.2%,±0.1,3.9%,±0.1,3.8%,±0.1,3.9%,±0.1,3.8%,±0.1,3.8%,±0.1,3.9%,±0.1,3.7%,±0.1,4.0%,±0.1,4.2%,±0.1,3.7%,±0.1,4.0%,±0.1,4.1%,±0.1,3.9%,±0.2,3.7%,±0.1,3.9%,±0.1,3.5%,±0.1,3.9%,±0.1,4.1%,±0.1,3.7%,±0.1,3.4%,±0.1,3.6%,±0.3,3.3%,±0.2,4.0%,±0.1,4.2%,±0.1,3.8%,±0.1,4.0%,±0.1,4.2%,±0.1,3.9%,±0.1,3.7%,±0.1,3.9%,±0.1,3.5%,±0.1,3.7%,±0.1,3.9%,±0.1,3.6%,±0.1,3.6%,±0.1,3.8%,±0.2,3.5%,±0.1,3.8%,±0.1,4.2%,±0.1,3.5%,±0.1,4.0%,±0.2,4.2%,±0.3,3.7%,±0.2,3.9%,±0.1,4.1%,±0.1,3.7%,±0.1,4.3%,±0.1,4.5%,±0.1,4.2%,±0.1,4.8%,±0.1,4.9%,±0.1,4.7%,±0.1,3.7%,±0.1,3.8%,±0.1,3.7%,±0.2,3.7%,±0.1,3.9%,±0.1,3.6%,±0.1,3.8%,±0.1,3.9%,±0.1,3.7%,±0.1,3.6%,±0.1,3.7%,±0.2,3.6%,±0.2,3.9%,±0.1,4.0%,±0.1,3.8%,±0.1,3.7%,±0.2,3.6%,±0.4,3.7%,±0.4,4.1%,±0.1,4.4%,±0.1,3.9%,±0.1
18 to 24 years,9.6%,±0.1,10.0%,±0.1,9.3%,±0.1,11.2%,±0.2,12.4%,±0.4,9.8%,±0.3,9.8%,±0.1,10.2%,±0.1,9.4%,±0.1,9.6%,±0.1,9.9%,±0.2,9.2%,±0.2,10.1%,±0.1,10.5%,±0.1,9.7%,±0.1,9.7%,±0.1,10.1%,±0.1,9.2%,±0.1,9.8%,±0.1,10.4%,±0.1,9.3%,±0.1,9.4%,±0.1,9.8%,±0.2,9.0%,±0.2,12.1%,±0.1,11.6%,±0.1,12.6%,±0.1,8.8%,±0.1,9.2%,±0.1,8.3%,±0.1,10.1%,±0.1,10.5%,±0.1,9.7%,±0.1,9.4%,±0.1,10.4%,±0.2,8.4%,±0.1,9.5%,±0.2,9.6%,±0.2,9.3%,±0.2,9.6%,±0.1,10.0%,±0.1,9.3%,±0.1,10.2%,±0.1,10.6%,±0.1,9.9%,±0.1,10.3%,±0.1,10.7%,±0.2,9.9%,±0.1,10.4%,±0.1,11.0%,±0.2,9.8%,±0.2,9.6%,±0.1,10.0%,±0.1,9.2%,±0.1,9.8%,±0.1,10.3%,±0.2,9.4%,±0.2,8.4%,±0.2,8.9%,±0.2,8.0%,±0.2,9.3%,±0.1,9.7%,±0.1,8.8%,±0.1,10.3%,±0.1,10.6%,±0.1,10.0%,±0.1,9.9%,±0.1,10.3%,±0.1,9.6%,±0.1,9.2%,±0.1,9.4%,±0.1,9.0%,±0.1,10.4%,±0.2,10.8%,±0.2,10.1%,±0.2,9.8%,±0.1,10.2%,±0.1,9.4%,±0.1,9.7%,±0.2,10.3%,±0.2,9.1%,±0.2,10.2%,±0.1,10.5%,±0.2,9.9%,±0.2,8.8%,±0.1,9.0%,±0.1,8.6%,±0.1,9.8%,±0.1,10.1%,±0.2,9.5%,±0.2,8.8%,±0.1,9.3%,±0.1,8.4%,±0.1,10.0%,±0.1,10.3%,±0.2,9.7%,±0.2,9.8%,±0.1,10.1%,±0.1,9.5%,±0.1,9.9%,±0.1,10.7%,±0.1,9.1%,±0.1,12.4%,±0.3,12.7%,±0.3,12.0%,±0.4,9.4%,±0.1,9.7%,±0.1,9.0%,±0.1,10.0%,±0.1,10.5%,±0.1,9.6%,±0.1,9.0%,±0.1,9.2%,±0.1,8.8%,±0.1,9.5%,±0.1,9.9%,±0.1,9.1%,±0.1,10.8%,±0.1,11.1%,±0.1,10.6%,±0.2,9.9%,±0.1,10.5%,±0.1,9.4%,±0.1,10.0%,±0.2,10.3%,±0.3,9.7%,±0.3,9.6%,±0.1,10.0%,±0.1,9.2%,±0.1,10.1%,±0.1,10.5%,±0.1,9.8%,±0.1,11.4%,±0.1,11.5%,±0.1,11.3%,±0.1,10.7%,±0.1,11.3%,±0.2,10.2%,±0.2,9.9%,±0.1,10.3%,±0.1,9.4%,±0.1,9.3%,±0.1,9.7%,±0.1,8.9%,±0.1,8.9%,±0.1,9.5%,±0.2,8.4%,±0.2,9.7%,±0.1,9.9%,±0.1,9.5%,±0.1,9.9%,±0.3,10.3%,±0.5,9.5%,±0.5,10.2%,±0.1,10.8%,±0.1,9.7%,±0.1
15 to 44 years,39.1%,±0.1,39.8%,±0.2,38.5%,±0.2,43.8%,±0.3,45.2%,±0.4,42.3%,±0.4,39.6%,±0.1,40.8%,±0.1,38.4%,±0.1,38.8%,±0.1,39.7%,±0.2,37.9%,±0.2,42.2%,±0.1,43.3%,±0.1,41.1%,±0.1,42.1%,±0.1,43.5%,±0.1,40.8%,±0.1,38.2%,±0.1,39.4%,±0.1,37.1%,±0.1,37.9%,±0.1,38.9%,±0.2,37.0%,±0.2,51.5%,±0.1,51.7%,±0.1,51.3%,±0.1,37.3%,±0.1,38.4%,±0.1,36.1%,±0.1,41.4%,±0.1,42.2%,±0.1,40.6%,±0.1,40.3%,±0.1,42.5%,±0.1,38.0%,±0.1,39.3%,±0.2,39.9%,±0.3,38.7%,±0.3,40.4%,±0.1,41.4%,±0.1,39.4%,±0.1,39.5%,±0.1,40.4%,±0.1,38.7%,±0.1,38.6%,±0.1,39.6%,±0.2,37.6%,±0.1,39.7%,±0.1,41.1%,±0.2,38.3%,±0.2,39.0%,±0.1,40.0%,±0.1,38.0%,±0.1,40.6%,±0.1,41.4%,±0.2,39.7%,±0.2,35.0%,±0.1,35.7%,±0.2,34.2%,±0.2,39.8%,±0.1,40.8%,±0.1,38.9%,±0.1,40.2%,±0.1,41.2%,±0.1,39.3%,±0.1,38.1%,±0.1,39.1%,±0.1,37.2%,±0.1,39.0%,±0.1,39.8%,±0.1,38.3%,±0.1,39.9%,±0.2,40.9%,±0.3,39.0%,±0.2,38.9%,±0.1,39.9%,±0.1,37.9%,±0.1,37.3%,±0.2,38.5%,±0.3,36.1%,±0.3,39.8%,±0.1,40.9%,±0.2,38.6%,±0.2,40.3%,±0.1,40.8%,±0.1,39.7%,±0.1,37.0%,±0.2,37.9%,±0.2,36.1%,±0.2,38.7%,±0.1,40.0%,±0.1,37.5%,±0.1,38.9%,±0.2,40.2%,±0.3,37.5%,±0.2,40.6%,±0.1,41.7%,±0.1,39.7%,±0.1,39.8%,±0.1,40.8%,±0.1,38.8%,±0.1,42.3%,±0.3,44.6%,±0.5,39.9%,±0.4,38.3%,±0.1,39.2%,±0.1,37.3%,±0.1,40.0%,±0.1,41.1%,±0.1,39.0%,±0.1,39.5%,±0.1,40.5%,±0.2,38.6%,±0.2,37.8%,±0.1,39.0%,±0.1,36.7%,±0.1,39.7%,±0.1,40.8%,±0.2,38.7%,±0.2,38.9%,±0.1,40.2%,±0.2,37.8%,±0.1,38.4%,±0.3,39.6%,±0.4,37.3%,±0.4,39.3%,±0.1,40.2%,±0.1,38.5%,±0.1,42.5%,±0.1,43.4%,±0.1,41.6%,±0.1,44.4%,±0.1,44.9%,±0.2,43.9%,±0.1,36.9%,±0.2,37.8%,±0.3,36.1%,±0.3,40.7%,±0.1,41.8%,±0.1,39.6%,±0.1,40.7%,±0.1,41.8%,±0.1,39.6%,±0.1,36.9%,±0.1,37.9%,±0.2,35.8%,±0.2,38.2%,±0.1,39.1%,±0.1,37.4%,±0.1,39.9%,±0.5,40.7%,±0.6,39.1%,±0.8,39.4%,±0.1,40.5%,±0.2,38.4%,±0.1
16 years and over,79.8%,±0.1,78.7%,±0.2,80.9%,±0.2,77.4%,±0.2,77.7%,±0.3,77.1%,±0.3,79.0%,±0.1,78.4%,±0.1,79.5%,±0.1,79.0%,±0.1,78.1%,±0.2,79.9%,±0.2,79.4%,±0.1,78.8%,±0.1,79.9%,±0.1,79.4%,±0.1,79.1%,±0.1,79.7%,±0.1,81.4%,±0.1,80.5%,±0.1,82.3%,±0.1,80.9%,±0.2,79.8%,±0.3,82.0%,±0.3,83.9%,±0.2,82.8%,±0.3,84.9%,±0.3,82.1%,±0.1,81.3%,±0.1,82.8%,±0.1,78.3%,±0.1,77.3%,±0.1,79.3%,±0.1,80.5%,±0.1,80.3%,±0.2,80.7%,±0.2,76.8%,±0.2,76.2%,±0.3,77.4%,±0.3,79.6%,±0.1,78.8%,±0.1,80.4%,±0.1,78.8%,±0.1,78.0%,±0.1,79.6%,±0.1,79.2%,±0.1,78.6%,±0.2,79.8%,±0.2,78.0%,±0.1,77.5%,±0.2,78.4%,±0.2,79.8%,±0.1,79.0%,±0.1,80.6%,±0.1,78.7%,±0.1,77.6%,±0.2,79.8%,±0.2,83.0%,±0.2,82.0%,±0.2,84.0%,±0.2,80.2%,±0.1,79.0%,±0.1,81.2%,±0.1,82.1%,±0.1,81.2%,±0.1,83.0%,±0.1,80.4%,±0.1,79.6%,±0.1,81.2%,±0.1,79.2%,±0.1,78.5%,±0.1,79.9%,±0.1,78.4%,±0.1,77.4%,±0.2,79.3%,±0.2,79.8%,±0.1,78.9%,±0.1,80.6%,±0.1,80.3%,±0.2,80.2%,±0.3,80.5%,±0.3,77.9%,±0.1,77.2%,±0.2,78.5%,±0.2,79.3%,±0.1,79.1%,±0.2,79.5%,±0.2,82.8%,±0.1,82.1%,±0.2,83.5%,±0.2,80.3%,±0.1,79.4%,±0.1,81.2%,±0.1,78.8%,±0.2,78.2%,±0.3,79.3%,±0.3,81.2%,±0.1,80.1%,±0.1,82.1%,±0.1,79.8%,±0.1,78.7%,±0.1,80.8%,±0.1,79.7%,±0.2,80.0%,±0.4,79.4%,±0.4,80.0%,±0.1,79.1%,±0.1,80.9%,±0.1,78.1%,±0.1,77.2%,±0.1,78.9%,±0.1,81.1%,±0.1,80.6%,±0.1,81.7%,±0.1,81.5%,±0.1,80.6%,±0.1,82.3%,±0.1,82.4%,±0.2,81.5%,±0.2,83.2%,±0.3,80.3%,±0.1,79.3%,±0.2,81.3%,±0.1,78.2%,±0.2,77.6%,±0.4,78.8%,±0.4,80.0%,±0.1,79.1%,±0.1,80.8%,±0.1,76.6%,±0.1,76.0%,±0.1,77.2%,±0.1,72.8%,±0.1,72.2%,±0.2,73.3%,±0.2,83.3%,±0.2,82.3%,±0.3,84.3%,±0.2,80.2%,±0.1,79.4%,±0.1,80.9%,±0.1,80.1%,±0.1,79.7%,±0.1,80.5%,±0.1,81.8%,±0.1,81.3%,±0.2,82.2%,±0.2,80.2%,±0.1,79.6%,±0.1,80.8%,±0.1,78.6%,±0.5,78.4%,±0.7,78.8%,±0.9,81.6%,±0.1,80.1%,±0.2,82.9%,±0.2
18 years and over,77.2%,±0.1,76.0%,±0.1,78.3%,±0.2,74.8%,±0.1,75.3%,±0.3,74.2%,±0.3,76.3%,±0.1,75.6%,±0.1,76.9%,±0.1,76.3%,±0.1,75.1%,±0.2,77.4%,±0.2,76.7%,±0.1,76.1%,±0.1,77.4%,±0.1,77.0%,±0.1,76.6%,±0.1,77.3%,±0.1,78.7%,±0.1,77.7%,±0.1,79.8%,±0.1,78.4%,±0.1,77.2%,±0.1,79.5%,±0.1,82.5%,±0.1,81.2%,±0.2,83.6%,±0.1,79.8%,±0.1,78.9%,±0.1,80.6%,±0.1,75.5%,±0.1,74.3%,±0.1,76.7%,±0.1,78.3%,±0.1,78.1%,±0.1,78.4%,±0.1,73.9%,±0.1,73.2%,±0.2,74.5%,±0.2,77.0%,±0.1,76.1%,±0.1,77.8%,±0.1,76.1%,±0.1,75.3%,±0.1,77.0%,±0.1,76.7%,±0.1,76.0%,±0.1,77.4%,±0.1,75.3%,±0.1,74.7%,±0.2,75.9%,±0.1,77.2%,±0.1,76.2%,±0.1,78.0%,±0.1,76.1%,±0.1,74.9%,±0.1,77.3%,±0.1,80.8%,±0.1,79.7%,±0.2,81.8%,±0.2,77.6%,±0.1,76.4%,±0.1,78.7%,±0.1,79.6%,±0.1,78.5%,±0.1,80.6%,±0.1,77.7%,±0.1,76.9%,±0.1,78.6%,±0.1,76.6%,±0.1,75.9%,±0.1,77.4%,±0.1,75.7%,±0.1,74.5%,±0.2,76.8%,±0.2,77.1%,±0.1,76.1%,±0.1,78.1%,±0.1,78.1%,±0.1,77.8%,±0.3,78.4%,±0.3,75.2%,±0.1,74.5%,±0.2,75.9%,±0.2,76.9%,±0.1,76.5%,±0.1,77.2%,±0.1,80.2%,±0.1,79.5%,±0.2,80.9%,±0.2,77.7%,±0.1,76.6%,±0.1,78.7%,±0.1,76.0%,±0.1,75.3%,±0.3,76.8%,±0.2,78.7%,±0.1,77.5%,±0.1,79.8%,±0.1,77.2%,±0.1,76.1%,±0.1,78.3%,±0.1,77.4%,±0.2,77.6%,±0.4,77.2%,±0.4,77.4%,±0.1,76.3%,±0.1,78.3%,±0.1,75.4%,±0.1,74.5%,±0.1,76.3%,±0.1,78.6%,±0.1,77.9%,±0.1,79.3%,±0.1,79.0%,±0.1,78.0%,±0.1,79.9%,±0.1,79.9%,±0.1,78.8%,±0.2,81.0%,±0.2,77.8%,±0.1,76.5%,±0.1,79.0%,±0.1,75.6%,±0.1,74.9%,±0.3,76.3%,±0.3,77.4%,±0.1,76.4%,±0.1,78.3%,±0.1,73.8%,±0.1,73.0%,±0.1,74.5%,±0.1,69.5%,±0.1,68.9%,±0.1,70.2%,±0.1,80.8%,±0.1,80.0%,±0.3,81.6%,±0.3,77.7%,±0.1,76.8%,±0.1,78.5%,±0.1,77.5%,±0.1,77.0%,±0.1,78.0%,±0.1,79.4%,±0.1,78.9%,±0.2,79.9%,±0.2,77.6%,±0.1,76.9%,±0.1,78.3%,±0.1,76.2%,±0.4,76.0%,±0.6,76.4%,±0.8,78.8%,*****,77.1%,±0.2,80.3%,±0.2
60 years and over,21.9%,±0.2,20.1%,±0.3,23.7%,±0.2,15.6%,±0.3,15.2%,±0.4,16.1%,±0.4,22.2%,±0.1,20.7%,±0.2,23.7%,±0.1,21.9%,±0.2,20.2%,±0.2,23.6%,±0.3,18.7%,±0.1,17.1%,±0.1,20.3%,±0.1,19.1%,±0.1,17.6%,±0.2,20.6%,±0.2,22.1%,±0.2,20.2%,±0.2,23.9%,±0.2,23.5%,±0.3,22.0%,±0.4,24.9%,±0.4,16.2%,±0.3,14.1%,±0.4,18.1%,±0.4,25.8%,±0.1,23.9%,±0.1,27.6%,±0.1,18.3%,±0.1,16.6%,±0.1,19.9%,±0.1,22.4%,±0.3,20.2%,±0.3,24.6%,±0.4,20.7%,±0.3,19.9%,±0.4,21.5%,±0.4,20.2%,±0.1,18.4%,±0.1,21.9%,±0.1,20.7%,±0.1,19.0%,±0.2,22.3%,±0.1,22.5%,±0.2,20.8%,±0.2,24.2%,±0.2,20.6%,±0.1,18.6%,±0.2,22.5%,±0.2,21.5%,±0.1,19.8%,±0.2,23.2%,±0.2,20.0%,±0.2,18.4%,±0.2,21.6%,±0.2,26.3%,±0.3,24.9%,±0.4,27.7%,±0.4,20.1%,±0.1,18.3%,±0.2,21.9%,±0.2,21.7%,±0.1,19.8%,±0.2,23.5%,±0.1,22.4%,±0.1,20.7%,±0.1,24.1%,±0.1,20.8%,±0.1,19.5%,±0.1,22.2%,±0.1,20.6%,±0.2,18.7%,±0.2,22.3%,±0.2,21.9%,±0.1,20.2%,±0.2,23.5%,±0.2,24.8%,±0.3,23.7%,±0.4,25.8%,±0.4,20.6%,±0.1,19.0%,±0.2,22.1%,±0.2,20.6%,±0.2,19.5%,±0.2,21.7%,±0.3,23.3%,±0.3,21.9%,±0.3,24.6%,±0.4,20.9%,±0.1,18.8%,±0.1,22.9%,±0.1,22.0%,±0.3,20.4%,±0.3,23.7%,±0.3,21.0%,±0.1,19.0%,±0.1,22.9%,±0.1,21.1%,±0.1,19.2%,±0.1,22.9%,±0.1,20.2%,±0.3,18.5%,±0.4,22.1%,±0.5,22.4%,±0.1,20.5%,±0.1,24.1%,±0.1,20.7%,±0.1,18.9%,±0.1,22.4%,±0.2,23.4%,±0.2,21.9%,±0.2,24.7%,±0.2,23.6%,±0.1,21.6%,±0.1,25.6%,±0.1,22.3%,±0.3,20.0%,±0.4,24.4%,±0.4,22.6%,±0.1,20.9%,±0.2,24.1%,±0.2,21.9%,±0.3,20.3%,±0.4,23.5%,±0.5,21.4%,±0.1,19.8%,±0.2,22.9%,±0.2,16.9%,±0.1,15.5%,±0.1,18.3%,±0.1,14.9%,±0.1,14.1%,±0.2,15.8%,±0.2,25.3%,±0.4,23.9%,±0.6,26.6%,±0.5,20.1%,±0.1,18.4%,±0.1,21.6%,±0.1,20.6%,±0.1,19.1%,±0.1,22.1%,±0.1,25.7%,±0.2,23.9%,±0.3,27.3%,±0.3,22.0%,±0.1,20.5%,±0.1,23.6%,±0.1,20.6%,±0.4,20.1%,±0.6,21.1%,±0.6,24.2%,±0.2,22.3%,±0.2,26.0%,±0.2
62 years and over,19.3%,±0.1,17.6%,±0.2,20.9%,±0.2,12.9%,±0.3,12.5%,±0.4,13.3%,±0.4,19.9%,±0.1,18.6%,±0.1,21.2%,±0.1,19.5%,±0.2,17.9%,±0.2,21.1%,±0.2,16.4%,±0.1,14.8%,±0.1,18.0%,±0.1,16.5%,±0.1,15.2%,±0.1,17.9%,±0.2,19.4%,±0.1,17.5%,±0.2,21.2%,±0.2,20.7%,±0.3,19.2%,±0.3,22.1%,±0.4,14.1%,±0.3,12.2%,±0.4,15.9%,±0.4,23.2%,±0.1,21.5%,±0.1,24.9%,±0.1,15.9%,±0.1,14.3%,±0.1,17.4%,±0.1,20.0%,±0.2,17.9%,±0.3,22.1%,±0.3,18.2%,±0.2,17.3%,±0.3,19.1%,±0.3,17.6%,±0.1,15.9%,±0.1,19.3%,±0.1,18.0%,±0.1,16.4%,±0.1,19.6%,±0.2,19.8%,±0.1,18.0%,±0.2,21.6%,±0.2,18.1%,±0.1,16.4%,±0.2,19.8%,±0.2,18.8%,±0.1,17.1%,±0.2,20.5%,±0.2,17.5%,±0.1,15.9%,±0.2,19.0%,±0.2,23.3%,±0.3,21.8%,±0.3,24.7%,±0.3,17.6%,±0.1,15.8%,±0.1,19.2%,±0.1,19.0%,±0.1,17.1%,±0.1,20.8%,±0.1,19.6%,±0.1,17.9%,±0.1,21.3%,±0.1,18.3%,±0.1,16.9%,±0.1,19.6%,±0.1,18.1%,±0.2,16.3%,±0.2,19.8%,±0.2,19.3%,±0.1,17.6%,±0.1,20.8%,±0.1,21.7%,±0.2,20.7%,±0.4,22.7%,±0.3,18.1%,±0.1,16.5%,±0.2,19.7%,±0.2,18.2%,±0.2,17.2%,±0.2,19.1%,±0.2,20.4%,±0.3,19.1%,±0.3,21.6%,±0.3,18.4%,±0.1,16.4%,±0.1,20.3%,±0.1,19.5%,±0.2,17.9%,±0.3,21.1%,±0.3,18.4%,±0.1,16.5%,±0.1,20.2%,±0.1,18.6%,±0.1,16.7%,±0.1,20.3%,±0.1,17.7%,±0.3,15.9%,±0.3,19.7%,±0.5,19.7%,±0.1,17.8%,±0.1,21.4%,±0.1,18.1%,±0.1,16.5%,±0.2,19.8%,±0.2,20.5%,±0.1,19.1%,±0.2,21.8%,±0.2,20.8%,±0.1,18.7%,±0.1,22.8%,±0.1,19.6%,±0.3,17.6%,±0.4,21.4%,±0.3,20.0%,±0.1,18.4%,±0.2,21.4%,±0.2,19.3%,±0.3,17.8%,±0.3,20.8%,±0.5,18.9%,±0.1,17.3%,±0.1,20.3%,±0.2,14.7%,±0.1,13.3%,±0.1,16.0%,±0.1,12.9%,±0.1,12.1%,±0.2,13.8%,±0.2,21.9%,±0.3,20.6%,±0.4,23.1%,±0.4,17.5%,±0.1,16.0%,±0.1,19.0%,±0.1,18.0%,±0.1,16.6%,±0.1,19.4%,±0.1,22.6%,±0.2,20.9%,±0.3,24.3%,±0.3,19.3%,±0.1,17.7%,±0.1,20.8%,±0.1,17.8%,±0.4,16.9%,±0.5,18.7%,±0.6,21.7%,±0.1,19.8%,±0.2,23.3%,±0.2
65 years and over,15.7%,±0.1,14.0%,±0.1,17.3%,±0.1,9.6%,±0.1,9.0%,±0.2,10.3%,±0.3,16.4%,±0.1,15.2%,±0.1,17.6%,±0.1,16.1%,±0.1,14.5%,±0.1,17.5%,±0.1,13.3%,±0.1,11.8%,±0.1,14.7%,±0.1,13.0%,±0.1,11.8%,±0.1,14.3%,±0.1,15.7%,±0.1,13.9%,±0.1,17.5%,±0.1,17.0%,±0.1,15.7%,±0.1,18.2%,±0.1,11.4%,±0.1,9.6%,±0.2,13.0%,±0.1,19.5%,±0.1,17.9%,±0.1,20.9%,±0.1,12.8%,±0.1,11.3%,±0.1,14.1%,±0.1,16.6%,±0.1,14.7%,±0.1,18.4%,±0.1,14.7%,±0.1,13.8%,±0.1,15.6%,±0.2,14.2%,±0.1,12.5%,±0.1,15.8%,±0.1,14.6%,±0.1,13.0%,±0.1,16.2%,±0.1,16.0%,±0.1,14.3%,±0.1,17.8%,±0.1,14.6%,±0.1,13.0%,±0.1,16.3%,±0.1,15.2%,±0.1,13.6%,±0.1,16.8%,±0.1,14.0%,±0.1,12.4%,±0.1,15.5%,±0.1,18.8%,±0.1,17.4%,±0.1,20.2%,±0.1,14.1%,±0.1,12.5%,±0.1,15.6%,±0.1,15.4%,±0.1,13.6%,±0.1,17.0%,±0.1,15.8%,±0.1,14.3%,±0.1,17.3%,±0.1,14.7%,±0.1,13.2%,±0.1,16.1%,±0.1,14.7%,±0.1,13.1%,±0.1,16.3%,±0.1,15.6%,±0.1,13.9%,±0.1,17.3%,±0.1,17.3%,±0.1,16.4%,±0.1,18.2%,±0.2,14.7%,±0.1,13.1%,±0.1,16.3%,±0.1,14.6%,±0.1,13.8%,±0.1,15.4%,±0.1,16.4%,±0.1,15.1%,±0.1,17.7%,±0.1,15.0%,±0.1,13.1%,±0.1,16.8%,±0.1,15.9%,±0.1,14.5%,±0.1,17.2%,±0.1,15.0%,±0.1,13.1%,±0.1,16.7%,±0.1,15.1%,±0.1,13.5%,±0.1,16.6%,±0.1,14.2%,±0.1,12.4%,±0.1,16.0%,±0.2,15.8%,±0.1,14.1%,±0.1,17.5%,±0.1,14.7%,±0.1,13.2%,±0.1,16.2%,±0.1,16.4%,±0.1,15.1%,±0.1,17.6%,±0.1,17.0%,±0.1,15.0%,±0.1,18.9%,±0.1,16.1%,±0.1,14.2%,±0.1,17.9%,±0.2,16.2%,±0.1,14.8%,±0.1,17.6%,±0.1,15.7%,±0.2,14.2%,±0.2,17.2%,±0.3,15.4%,±0.1,13.9%,±0.1,16.8%,±0.1,11.7%,±0.1,10.5%,±0.1,13.0%,±0.1,10.3%,±0.1,9.5%,±0.1,11.1%,±0.1,17.6%,±0.1,16.3%,±0.2,18.8%,±0.2,14.2%,±0.1,12.7%,±0.1,15.6%,±0.1,14.5%,±0.1,13.2%,±0.1,15.7%,±0.1,18.2%,±0.1,16.6%,±0.1,19.8%,±0.1,15.6%,±0.1,14.1%,±0.1,17.1%,±0.1,14.1%,±0.2,13.3%,±0.2,14.9%,±0.2,18.0%,*****,16.4%,±0.1,19.6%,±0.1
75 years and over,6.4%,±0.1,5.1%,±0.1,7.6%,±0.1,3.1%,±0.1,2.6%,±0.1,3.7%,±0.2,6.8%,±0.1,6.1%,±0.1,7.5%,±0.1,6.7%,±0.1,5.5%,±0.1,7.8%,±0.1,5.6%,±0.1,4.7%,±0.1,6.6%,±0.1,5.0%,±0.1,4.2%,±0.1,5.9%,±0.1,7.0%,±0.1,5.6%,±0.1,8.3%,±0.1,6.9%,±0.1,6.0%,±0.1,7.7%,±0.1,4.8%,±0.1,3.7%,±0.1,5.9%,±0.2,8.7%,±0.1,7.6%,±0.1,9.7%,±0.1,4.8%,±0.1,3.9%,±0.1,5.7%,±0.1,7.2%,±0.1,5.8%,±0.1,8.7%,±0.1,5.9%,±0.1,5.2%,±0.1,6.6%,±0.1,6.1%,±0.1,4.9%,±0.1,7.3%,±0.1,6.2%,±0.1,4.9%,±0.1,7.4%,±0.1,7.5%,±0.1,6.0%,±0.1,8.9%,±0.1,6.6%,±0.1,5.2%,±0.1,7.9%,±0.1,6.2%,±0.1,5.0%,±0.1,7.3%,±0.1,5.8%,±0.1,4.7%,±0.1,6.9%,±0.1,7.8%,±0.1,6.6%,±0.1,9.0%,±0.1,5.8%,±0.1,4.7%,±0.1,6.9%,±0.1,6.7%,±0.1,5.3%,±0.1,8.0%,±0.1,6.7%,±0.1,5.4%,±0.1,7.9%,±0.1,6.4%,±0.1,5.3%,±0.1,7.6%,±0.1,6.0%,±0.1,4.8%,±0.1,7.1%,±0.1,6.8%,±0.1,5.5%,±0.1,7.9%,±0.1,7.1%,±0.1,6.3%,±0.1,8.0%,±0.1,6.6%,±0.1,5.4%,±0.1,7.9%,±0.1,5.5%,±0.1,4.9%,±0.1,6.0%,±0.1,6.7%,±0.1,5.6%,±0.1,7.8%,±0.1,6.6%,±0.1,5.2%,±0.1,7.9%,±0.1,6.4%,±0.1,5.6%,±0.1,7.3%,±0.1,6.6%,±0.1,5.3%,±0.1,7.8%,±0.1,6.1%,±0.1,4.9%,±0.1,7.1%,±0.1,6.7%,±0.1,5.2%,±0.1,8.3%,±0.1,6.8%,±0.1,5.5%,±0.1,8.1%,±0.1,6.2%,±0.1,5.1%,±0.1,7.2%,±0.1,6.5%,±0.1,5.6%,±0.1,7.5%,±0.1,7.7%,±0.1,6.1%,±0.1,9.1%,±0.1,7.2%,±0.1,5.6%,±0.1,8.6%,±0.1,6.2%,±0.1,5.2%,±0.1,7.1%,±0.1,7.2%,±0.1,5.8%,±0.1,8.6%,±0.2,6.2%,±0.1,5.1%,±0.1,7.3%,±0.1,4.7%,±0.1,3.9%,±0.1,5.5%,±0.1,4.2%,±0.1,3.7%,±0.1,4.8%,±0.1,7.2%,±0.1,6.0%,±0.1,8.4%,±0.1,5.7%,±0.1,4.7%,±0.1,6.7%,±0.1,5.8%,±0.1,4.8%,±0.1,6.7%,±0.1,7.5%,±0.1,6.2%,±0.1,8.8%,±0.1,6.8%,±0.1,5.6%,±0.1,8.1%,±0.1,5.6%,±0.1,4.8%,±0.2,6.5%,±0.2,7.8%,±0.1,6.7%,±0.1,8.7%,±0.1
SUMMARY INDICATORS,,,,,,,,,,,,,,,,,,,,,,,,,,,,,,,,,,,,,,,,,,,,,,,,,,,,,,,,,,,,,,,,,,,,,,,,,,,,,,,,,,,,,,,,,,,,,,,,,,,,,,,,,,,,,,,,,,,,,,,,,,,,,,,,,,,,,,,,,,,,,,,,,,,,,,,,,,,,,,,,,,,,,,,,,,,,,,,,,,,,,,,,,,,,,,,,,,,,,,,,,,,,,,,,,,,,,,,,,,,,,,,,,,,,,,,,,,,,,,,,,,,,,,,,,,,,,,,,,,,,,,,,,,,,,,,,,,,,,,,,,,,,,,,,,,,,,,,,,,,,,,,,,,,,,,,,
Median age (years),38.7,±0.2,37.2,±0.3,40.0,±0.3,33.3,±0.3,32.8,±0.4,33.9,±0.4,37.4,±0.1,36.1,±0.2,38.8,±0.2,37.9,±0.2,36.6,±0.3,39.3,±0.3,36.2,±0.1,35.1,±0.1,37.4,±0.1,36.4,±0.1,35.5,±0.2,37.3,±0.2,40.6,±0.2,38.6,±0.2,42.5,±0.2,39.7,±0.4,37.9,±0.3,41.2,±0.4,33.8,±0.2,33.4,±0.3,34.1,±0.2,41.8,±0.1,40.3,±0.1,43.3,±0.1,36.4,±0.2,35.0,±0.1,37.6,±0.2,37.7,±0.2,36.0,±0.2,40.0,±0.3,35.8,±0.2,35.2,±0.3,36.5,±0.3,37.7,±0.2,36.4,±0.1,38.8,±0.1,37.5,±0.1,36.3,±0.2,38.7,±0.2,38.1,±0.2,36.8,±0.2,39.4,±0.3,36.2,±0.2,35.0,±0.2,37.7,±0.2,38.8,±0.3,37.5,±0.2,40.1,±0.2,36.4,±0.1,35.1,±0.3,37.7,±0.2,44.6,±0.2,43.3,±0.3,45.7,±0.3,38.3,±0.2,36.7,±0.2,39.8,±0.2,39.4,±0.1,37.8,±0.2,40.9,±0.2,39.7,±0.1,38.3,±0.1,41.0,±0.1,37.9,±0.1,36.9,±0.2,39.0,±0.2,37.0,±0.2,35.6,±0.2,38.5,±0.3,38.4,±0.2,36.9,±0.2,39.7,±0.2,39.9,±0.4,38.9,±0.4,40.9,±0.7,36.1,±0.2,35.2,±0.1,37.1,±0.3,37.8,±0.2,37.2,±0.2,38.5,±0.3,42.8,±0.2,41.6,±0.4,43.9,±0.2,39.6,±0.2,38.0,±0.2,41.1,±0.2,37.4,±0.2,35.9,±0.2,39.2,±0.4,38.3,±0.2,36.8,±0.2,39.8,±0.2,38.4,±0.1,36.8,±0.2,40.0,±0.2,34.9,±0.3,34.0,±0.3,36.3,±0.5,39.3,±0.1,37.8,±0.2,40.8,±0.2,36.3,±0.1,35.0,±0.1,37.8,±0.2,39.1,±0.2,38.1,±0.2,40.2,±0.2,40.7,±0.1,39.0,±0.2,42.3,±0.2,39.7,±0.3,38.4,±0.4,41.2,±0.4,39.0,±0.2,37.2,±0.3,40.8,±0.2,36.9,±0.3,36.0,±0.3,38.2,±0.7,38.7,±0.1,37.4,±0.2,39.9,±0.2,34.4,±0.1,33.4,±0.2,35.4,±0.1,30.6,±0.1,30.1,±0.1,31.1,±0.2,43.1,±0.3,41.4,±0.5,44.4,±0.3,37.8,±0.1,36.5,±0.2,39.1,±0.2,37.5,±0.2,36.6,±0.1,38.6,±0.2,42.2,±0.2,41.0,±0.4,43.2,±0.3,39.4,±0.1,38.2,±0.2,40.6,±0.2,36.5,±0.5,35.9,±0.6,37.1,±0.7,40.0,±0.2,38.0,±0.3,41.9,±0.2
Sex ratio (males per 100 females),93.9,±0.4,(X),(X),(X),(X),111.1,±1.0,(X),(X),(X),(X),98.5,±0.1,(X),(X),(X),(X),96.6,±0.5,(X),(X),(X),(X),98.7,±0.1,(X),(X),(X),(X),100.9,±0.3,(X),(X),(X),(X),95.3,±0.2,(X),(X),(X),(X),93.9,±0.4,(X),(X),(X),(X),90.7,±0.4,(X),(X),(X),(X),95.3,±0.1,(X),(X),(X),(X),95.0,±0.3,(X),(X),(X),(X),102.5,±0.4,(X),(X),(X),(X),99.8,±0.7,(X),(X),(X),(X),96.3,±0.1,(X),(X),(X),(X),96.6,±0.3,(X),(X),(X),(X),98.4,±0.4,(X),(X),(X),(X),99.1,±0.4,(X),(X),(X),(X),96.7,±0.4,(X),(X),(X),(X),95.9,±0.4,(X),(X),(X),(X),96.0,±0.6,(X),(X),(X),(X),94.1,±0.2,(X),(X),(X),(X),94.3,±0.1,(X),(X),(X),(X),96.7,±0.1,(X),(X),(X),(X),98.9,±0.3,(X),(X),(X),(X),93.8,±0.5,(X),(X),(X),(X),96.2,±0.3,(X),(X),(X),(X),101.0,±0.9,(X),(X),(X),(X),98.8,±0.5,(X),(X),(X),(X),100.3,±0.3,(X),(X),(X),(X),97.7,±0.5,(X),(X),(X),(X),95.5,±0.1,(X),(X),(X),(X),98.6,±0.6,(X),(X),(X),(X),94.5,±0.1,(X),(X),(X),(X),95.1,±0.3,(X),(X),(X),(X),105.3,±1.3,(X),(X),(X),(X),95.9,±0.1,(X),(X),(X),(X),98.4,±0.3,(X),(X),(X),(X),97.8,±0.4,(X),(X),(X),(X),95.7,±0.1,(X),(X),(X),(X),94.0,±0.6,(X),(X),(X),(X),95.0,±0.4,(X),(X),(X),(X),101.1,±1.0,(X),(X),(X),(X),95.0,±0.3,(X),(X),(X),(X),98.4,±0.1,(X),(X),(X),(X),101.1,±0.3,(X),(X),(X),(X),97.2,±0.7,(X),(X),(X),(X),96.9,±0.3,(X),(X),(X),(X),100.0,±0.2,(X),(X),(X),(X),97.1,±0.5,(X),(X),(X),(X),98.8,±0.2,(X),(X),(X),(X),101.4,±1.6,(X),(X),(X),(X),91.2,±0.4,(X),(X),(X),(X)
Age dependency ratio,62.6,±0.2,(X),(X),(X),(X),53.5,±0.4,(X),(X),(X),(X),67.1,±0.1,(X),(X),(X),(X),66.0,±0.2,(X),(X),(X),(X),57.6,±0.1,(X),(X),(X),(X),56.4,±0.1,(X),(X),(X),(X),58.7,±0.1,(X),(X),(X),(X),62.8,±0.2,(X),(X),(X),(X),40.7,±0.2,(X),(X),(X),(X),65.8,±0.1,(X),(X),(X),(X),59.4,±0.1,(X),(X),(X),(X),62.1,±0.1,(X),(X),(X),(X),69.0,±0.4,(X),(X),(X),(X),59.3,±0.1,(X),(X),(X),(X),62.5,±0.1,(X),(X),(X),(X),64.9,±0.2,(X),(X),(X),(X),64.9,±0.2,(X),(X),(X),(X),61.5,±0.2,(X),(X),(X),(X),61.0,±0.2,(X),(X),(X),(X),61.5,±0.4,(X),(X),(X),(X),57.6,±0.1,(X),(X),(X),(X),55.7,±0.1,(X),(X),(X),(X),61.5,±0.1,(X),(X),(X),(X),61.4,±0.1,(X),(X),(X),(X),64.1,±0.2,(X),(X),(X),(X),62.7,±0.1,(X),(X),(X),(X),64.5,±0.4,(X),(X),(X),(X),65.3,±0.3,(X),(X),(X),(X),60.6,±0.1,(X),(X),(X),(X),56.7,±0.2,(X),(X),(X),(X),59.5,±0.1,(X),(X),(X),(X),66.1,±0.3,(X),(X),(X),(X),56.9,±0.1,(X),(X),(X),(X),61.0,±0.1,(X),(X),(X),(X),58.3,±0.5,(X),(X),(X),(X),62.6,±0.1,(X),(X),(X),(X),64.7,±0.2,(X),(X),(X),(X),60.6,±0.1,(X),(X),(X),(X),61.5,±0.1,(X),(X),(X),(X),56.7,±0.3,(X),(X),(X),(X),62.5,±0.1,(X),(X),(X),(X),66.9,±0.5,(X),(X),(X),(X),61.3,±0.1,(X),(X),(X),(X),61.2,±0.1,(X),(X),(X),(X),68.7,±0.2,(X),(X),(X),(X),58.2,±0.4,(X),(X),(X),(X),57.4,±0.1,(X),(X),(X),(X),58.6,±0.1,(X),(X),(X),(X),63.4,±0.3,(X),(X),(X),(X),61.3,±0.1,(X),(X),(X),(X),61.0,±1.2,(X),(X),(X),(X),64.7,*****,(X),(X),(X),(X)
Old-Age dependency ratio,25.5,±0.1,(X),(X),(X),(X),14.8,±0.3,(X),(X),(X),(X),27.4,±0.1,(X),(X),(X),(X),26.6,±0.1,(X),(X),(X),(X),20.9,±0.1,(X),(X),(X),(X),20.4,±0.1,(X),(X),(X),(X),25.0,±0.1,(X),(X),(X),(X),27.7,±0.1,(X),(X),(X),(X),16.0,±0.2,(X),(X),(X),(X),32.3,±0.1,(X),(X),(X),(X),20.3,±0.1,(X),(X),(X),(X),26.9,±0.1,(X),(X),(X),(X),24.8,±0.2,(X),(X),(X),(X),22.7,±0.1,(X),(X),(X),(X),23.7,±0.1,(X),(X),(X),(X),26.5,±0.1,(X),(X),(X),(X),24.1,±0.1,(X),(X),(X),(X),24.6,±0.1,(X),(X),(X),(X),22.5,±0.1,(X),(X),(X),(X),30.4,±0.2,(X),(X),(X),(X),22.2,±0.1,(X),(X),(X),(X),23.9,±0.1,(X),(X),(X),(X),25.6,±0.1,(X),(X),(X),(X),23.7,±0.1,(X),(X),(X),(X),24.2,±0.1,(X),(X),(X),(X),25.4,±0.1,(X),(X),(X),(X),28.5,±0.2,(X),(X),(X),(X),24.3,±0.2,(X),(X),(X),(X),23.4,±0.1,(X),(X),(X),(X),25.7,±0.1,(X),(X),(X),(X),23.9,±0.1,(X),(X),(X),(X),26.3,±0.2,(X),(X),(X),(X),23.5,±0.1,(X),(X),(X),(X),24.3,±0.1,(X),(X),(X),(X),22.4,±0.2,(X),(X),(X),(X),25.7,±0.1,(X),(X),(X),(X),24.3,±0.1,(X),(X),(X),(X),26.3,±0.1,(X),(X),(X),(X),27.5,±0.1,(X),(X),(X),(X),25.3,±0.2,(X),(X),(X),(X),26.4,±0.1,(X),(X),(X),(X),26.2,±0.3,(X),(X),(X),(X),24.8,±0.1,(X),(X),(X),(X),18.9,±0.1,(X),(X),(X),(X),17.3,±0.1,(X),(X),(X),(X),27.8,±0.2,(X),(X),(X),(X),22.3,±0.1,(X),(X),(X),(X),22.9,±0.1,(X),(X),(X),(X),29.8,±0.2,(X),(X),(X),(X),25.2,±0.1,(X),(X),(X),(X),22.7,±0.4,(X),(X),(X),(X),29.7,*****,(X),(X),(X),(X)
Child dependency ratio,37.1,±0.1,(X),(X),(X),(X),38.7,±0.2,(X),(X),(X),(X),39.7,±0.1,(X),(X),(X),(X),39.3,±0.1,(X),(X),(X),(X),36.7,±0.1,(X),(X),(X),(X),36.0,±0.1,(X),(X),(X),(X),33.7,±0.1,(X),(X),(X),(X),35.2,±0.1,(X),(X),(X),(X),24.7,±0.1,(X),(X),(X),(X),33.6,±0.1,(X),(X),(X),(X),39.0,±0.1,(X),(X),(X),(X),35.2,±0.1,(X),(X),(X),(X),44.1,±0.2,(X),(X),(X),(X),36.7,±0.1,(X),(X),(X),(X),38.8,±0.1,(X),(X),(X),(X),38.5,±0.1,(X),(X),(X),(X),40.8,±0.2,(X),(X),(X),(X),36.9,±0.1,(X),(X),(X),(X),38.5,±0.1,(X),(X),(X),(X),31.1,±0.2,(X),(X),(X),(X),35.4,±0.1,(X),(X),(X),(X),31.8,±0.1,(X),(X),(X),(X),35.9,±0.1,(X),(X),(X),(X),37.7,±0.1,(X),(X),(X),(X),39.9,±0.1,(X),(X),(X),(X),37.2,±0.1,(X),(X),(X),(X),36.0,±0.3,(X),(X),(X),(X),41.0,±0.2,(X),(X),(X),(X),37.1,±0.1,(X),(X),(X),(X),31.0,±0.2,(X),(X),(X),(X),35.6,±0.1,(X),(X),(X),(X),39.8,±0.3,(X),(X),(X),(X),33.4,±0.1,(X),(X),(X),(X),36.7,±0.1,(X),(X),(X),(X),35.8,±0.4,(X),(X),(X),(X),36.8,±0.1,(X),(X),(X),(X),40.5,±0.1,(X),(X),(X),(X),34.3,±0.1,(X),(X),(X),(X),34.0,±0.1,(X),(X),(X),(X),31.4,±0.1,(X),(X),(X),(X),36.2,±0.1,(X),(X),(X),(X),40.8,±0.3,(X),(X),(X),(X),36.5,±0.1,(X),(X),(X),(X),42.3,±0.1,(X),(X),(X),(X),51.4,±0.1,(X),(X),(X),(X),30.4,±0.3,(X),(X),(X),(X),35.1,±0.1,(X),(X),(X),(X),35.6,±0.1,(X),(X),(X),(X),33.6,±0.2,(X),(X),(X),(X),36.1,±0.1,(X),(X),(X),(X),38.3,±0.9,(X),(X),(X),(X),35.0,*****,(X),(X),(X),(X)